<?xml version="1.0" encoding="UTF-8"?>

<!-- generated on 2026-01-01T12:24:05.968835+05:30 by Eclipse SUMO sumo 1.25.0
<sumoConfiguration xmlns:xsi="http://www.w3.org/2001/XMLSchema-instance" xsi:noNamespaceSchemaLocation="http://sumo.dlr.de/xsd/sumoConfiguration.xsd">

    <input>
        <net-file value="area.net.xml"/>
        <route-files value="routes.xml"/>
    </input>

    <output>
        <edgedata-output value="edge_data.xml"/>
    </output>

    <time>
        <begin value="0"/>
        <end value="800"/>
    </time>

    <report>
        <no-step-log value="true"/>
    </report>

</sumoConfiguration>
-->

<meandata xmlns:xsi="http://www.w3.org/2001/XMLSchema-instance" xsi:noNamespaceSchemaLocation="http://sumo.dlr.de/xsd/meandata_file.xsd">
    <interval begin="0.00" end="800.00" id="DEFAULT_EDGEDATA">
        <edge id="-1047765852#1" sampledSeconds="64.99" traveltime="12.71" overlapTraveltime="13.57" density="0.65" overlapDensity="0.70" laneDensity="0.65" occupancy="0.34" waitingTime="0.00" timeLoss="20.70" speed="8.92" speedRelative="0.64" departed="5" arrived="0" entered="0" left="5" laneChangedFrom="0" laneChangedTo="0" flow="21.01"/>
        <edge id="-1193733759#0" sampledSeconds="230.34" traveltime="11.18" overlapTraveltime="12.17" density="2.20" overlapDensity="2.39" laneDensity="2.20" occupancy="1.12" waitingTime="5.00" timeLoss="55.33" speed="10.32" speedRelative="0.74" departed="1" arrived="4" entered="18" left="15" laneChangedFrom="0" laneChangedTo="0" flow="81.58"/>
        <edge id="-1193733759#1" sampledSeconds="13.02" traveltime="0.04" overlapTraveltime="0.87" density="3.93" overlapDensity="81.36" laneDensity="3.93" occupancy="1.56" waitingTime="0.00" timeLoss="5.80" speed="5.98" speedRelative="0.43" departed="0" arrived="1" entered="15" left="14" laneChangedFrom="0" laneChangedTo="0" flow="84.58"/>
        <edge id="-1193733759#2" sampledSeconds="38.03" traveltime="2.06" overlapTraveltime="2.67" density="2.44" overlapDensity="3.22" laneDensity="2.44" occupancy="1.25" waitingTime="0.00" timeLoss="17.50" speed="7.39" speedRelative="0.53" departed="3" arrived="1" entered="12" left="14" laneChangedFrom="0" laneChangedTo="0" flow="64.95"/>
        <edge id="-1193733759#3" sampledSeconds="15.02" traveltime="7.58" overlapTraveltime="8.26" density="0.33" overlapDensity="0.37" laneDensity="0.33" occupancy="0.18" waitingTime="0.00" timeLoss="7.08" speed="6.81" speedRelative="0.49" departed="2" arrived="0" entered="0" left="2" laneChangedFrom="0" laneChangedTo="0" flow="8.16"/>
        <edge id="-1195176490" sampledSeconds="62.11" traveltime="5.93" overlapTraveltime="6.90" density="1.31" overlapDensity="1.52" laneDensity="1.31" occupancy="0.67" waitingTime="0.00" timeLoss="16.51" speed="8.12" speedRelative="0.58" departed="0" arrived="0" entered="9" left="9" laneChangedFrom="0" laneChangedTo="0" flow="38.20"/>
        <edge id="-1195269934" sampledSeconds="61.92" traveltime="15.18" overlapTraveltime="15.54" density="0.38" overlapDensity="0.39" laneDensity="0.38" occupancy="0.19" waitingTime="0.00" timeLoss="7.21" speed="13.03" speedRelative="0.94" departed="0" arrived="4" entered="4" left="0" laneChangedFrom="0" laneChangedTo="0" flow="18.03"/>
        <edge id="-1210908131#0" sampledSeconds="61.16" traveltime="20.26" overlapTraveltime="20.45" density="0.14" overlapDensity="0.14" laneDensity="0.14" occupancy="0.07" waitingTime="0.00" timeLoss="3.55" speed="26.45" speedRelative="0.95" departed="0" arrived="3" entered="3" left="0" laneChangedFrom="0" laneChangedTo="0" flow="13.50"/>
        <edge id="-1210908131#1" sampledSeconds="37.76" traveltime="1.05" overlapTraveltime="1.83" density="3.32" overlapDensity="5.83" laneDensity="3.32" occupancy="1.90" waitingTime="0.00" timeLoss="16.17" speed="7.15" speedRelative="0.26" departed="1" arrived="0" entered="20" left="21" laneChangedFrom="0" laneChangedTo="0" flow="85.33"/>
        <edge id="-1210908131#2" sampledSeconds="18.71" traveltime="0.06" overlapTraveltime="0.65" density="9.91" overlapDensity="116.91" laneDensity="9.91" occupancy="2.26" waitingTime="1.00" timeLoss="8.33" speed="8.04" speedRelative="0.29" departed="2" arrived="0" entered="27" left="29" laneChangedFrom="0" laneChangedTo="0" flow="286.72"/>
        <edge id="-1210908131#3" sampledSeconds="274.37" traveltime="9.79" overlapTraveltime="10.16" density="1.80" overlapDensity="1.86" laneDensity="1.80" occupancy="0.90" waitingTime="0.00" timeLoss="92.18" speed="18.60" speedRelative="0.67" departed="0" arrived="1" entered="27" left="26" laneChangedFrom="0" laneChangedTo="0" flow="120.29"/>
        <edge id="-1210908131#4" sampledSeconds="47.74" traveltime="1.00" overlapTraveltime="1.59" density="5.01" overlapDensity="7.89" laneDensity="5.01" occupancy="2.41" waitingTime="0.00" timeLoss="33.33" speed="7.92" speedRelative="0.29" departed="1" arrived="3" entered="30" left="28" laneChangedFrom="0" laneChangedTo="0" flow="143.01"/>
        <edge id="-1211177868" sampledSeconds="6.88" traveltime="7.01" overlapTraveltime="7.77" density="0.19" overlapDensity="0.22" laneDensity="0.19" occupancy="0.10" waitingTime="0.00" timeLoss="3.62" speed="5.76" speedRelative="0.41" departed="1" arrived="0" entered="0" left="1" laneChangedFrom="0" laneChangedTo="0" flow="3.98"/>
        <edge id="-1211187479" sampledSeconds="24.87" traveltime="11.65" overlapTraveltime="12.43" density="0.21" overlapDensity="0.23" laneDensity="0.21" occupancy="0.11" waitingTime="0.00" timeLoss="4.80" speed="11.47" speedRelative="0.83" departed="0" arrived="0" entered="2" left="2" laneChangedFrom="0" laneChangedTo="0" flow="8.73"/>
        <edge id="-1211218242" sampledSeconds="7.04" traveltime="7.12" overlapTraveltime="7.78" density="0.16" overlapDensity="0.18" laneDensity="0.16" occupancy="0.09" waitingTime="0.00" timeLoss="3.60" speed="6.89" speedRelative="0.50" departed="1" arrived="0" entered="0" left="1" laneChangedFrom="0" laneChangedTo="0" flow="4.07"/>
        <edge id="-1262877731#0" sampledSeconds="222.42" traveltime="9.50" overlapTraveltime="10.21" density="2.51" overlapDensity="2.70" laneDensity="2.51" occupancy="1.27" waitingTime="0.00" timeLoss="44.33" speed="10.59" speedRelative="0.76" departed="4" arrived="2" entered="18" left="20" laneChangedFrom="0" laneChangedTo="0" flow="95.69"/>
        <edge id="-1262877731#1" sampledSeconds="46.07" traveltime="3.52" overlapTraveltime="3.94" density="1.80" overlapDensity="2.02" laneDensity="1.80" occupancy="0.86" waitingTime="0.00" timeLoss="16.37" speed="8.51" speedRelative="0.61" departed="2" arrived="0" entered="10" left="12" laneChangedFrom="0" laneChangedTo="0" flow="55.05"/>
        <edge id="-1262877732" sampledSeconds="9.21" traveltime="9.43" overlapTraveltime="9.78" density="0.13" overlapDensity="0.14" laneDensity="0.13" occupancy="0.07" waitingTime="0.00" timeLoss="3.49" speed="8.90" speedRelative="0.64" departed="1" arrived="0" entered="0" left="1" laneChangedFrom="0" laneChangedTo="0" flow="4.32"/>
        <edge id="-1266707781" sampledSeconds="6.20" traveltime="1.12" overlapTraveltime="2.12" density="6.98" overlapDensity="38.77" laneDensity="6.98" occupancy="0.76" waitingTime="1.00" timeLoss="5.58" speed="2.45" speedRelative="0.11" departed="2" arrived="0" entered="1" left="3" laneChangedFrom="0" laneChangedTo="0" flow="61.56"/>
        <edge id="-1305162881#0" sampledSeconds="63.73" traveltime="2.49" overlapTraveltime="3.34" density="3.89" overlapDensity="5.23" laneDensity="3.89" occupancy="2.05" waitingTime="0.00" timeLoss="25.42" speed="6.06" speedRelative="0.44" departed="3" arrived="2" entered="17" left="18" laneChangedFrom="0" laneChangedTo="0" flow="84.81"/>
        <edge id="-1305162881#1" sampledSeconds="3.92" traveltime="4.67" overlapTraveltime="5.10" density="0.24" overlapDensity="0.29" laneDensity="0.24" occupancy="0.13" waitingTime="0.00" timeLoss="2.71" speed="4.31" speedRelative="0.31" departed="1" arrived="0" entered="0" left="1" laneChangedFrom="0" laneChangedTo="0" flow="3.73"/>
        <edge id="-1305162882" sampledSeconds="141.42" traveltime="8.21" overlapTraveltime="8.91" density="2.09" overlapDensity="2.27" laneDensity="2.09" occupancy="1.04" waitingTime="0.00" timeLoss="39.52" speed="9.31" speedRelative="0.67" departed="2" arrived="0" entered="14" left="16" laneChangedFrom="0" laneChangedTo="0" flow="70.04"/>
        <edge id="-1305162883" sampledSeconds="31.07" traveltime="10.01" overlapTraveltime="11.10" density="0.49" overlapDensity="0.55" laneDensity="0.49" occupancy="0.26" waitingTime="0.00" timeLoss="12.46" speed="6.84" speedRelative="0.49" departed="3" arrived="0" entered="0" left="3" laneChangedFrom="0" laneChangedTo="0" flow="12.10"/>
        <edge id="-1305162884" sampledSeconds="39.24" traveltime="9.47" overlapTraveltime="10.49" density="0.60" overlapDensity="0.67" laneDensity="0.60" occupancy="0.32" waitingTime="0.00" timeLoss="15.63" speed="7.46" speedRelative="0.54" departed="4" arrived="0" entered="0" left="4" laneChangedFrom="0" laneChangedTo="0" flow="16.15"/>
        <edge id="-1305162886" sampledSeconds="13.40" traveltime="6.88" overlapTraveltime="7.66" density="0.41" overlapDensity="0.47" laneDensity="0.41" occupancy="0.22" waitingTime="0.00" timeLoss="6.54" speed="5.29" speedRelative="0.38" departed="2" arrived="0" entered="0" left="2" laneChangedFrom="0" laneChangedTo="0" flow="7.90"/>
        <edge id="-159463136#0" sampledSeconds="181.84" traveltime="90.70" overlapTraveltime="90.92" density="0.11" overlapDensity="0.11" laneDensity="0.11" occupancy="0.06" waitingTime="0.00" timeLoss="8.21" speed="21.98" speedRelative="0.99" departed="0" arrived="2" entered="2" left="0" laneChangedFrom="0" laneChangedTo="0" flow="9.00"/>
        <edge id="-159463136#1" sampledSeconds="27.22" traveltime="4.79" overlapTraveltime="5.44" density="0.34" overlapDensity="0.39" laneDensity="0.34" occupancy="0.18" waitingTime="0.00" timeLoss="5.17" speed="17.10" speedRelative="0.77" departed="0" arrived="0" entered="5" left="5" laneChangedFrom="0" laneChangedTo="0" flow="20.90"/>
        <edge id="-450752220#0" sampledSeconds="10.87" traveltime="10.60" overlapTraveltime="11.04" density="0.12" overlapDensity="0.12" laneDensity="0.12" occupancy="0.06" waitingTime="0.00" timeLoss="1.61" speed="10.73" speedRelative="0.77" departed="0" arrived="1" entered="1" left="0" laneChangedFrom="0" laneChangedTo="0" flow="4.51"/>
        <edge id="-450752220#1" sampledSeconds="36.50" traveltime="1.99" overlapTraveltime="2.70" density="2.45" overlapDensity="3.30" laneDensity="2.45" occupancy="1.29" waitingTime="0.00" timeLoss="13.59" speed="6.97" speedRelative="0.50" departed="1" arrived="1" entered="13" left="13" laneChangedFrom="0" laneChangedTo="0" flow="61.46"/>
        <edge id="-450752220#2" sampledSeconds="181.86" traveltime="9.71" overlapTraveltime="10.16" density="1.93" overlapDensity="2.01" laneDensity="1.93" occupancy="0.96" waitingTime="0.00" timeLoss="19.44" speed="11.63" speedRelative="0.84" departed="1" arrived="3" entered="17" left="15" laneChangedFrom="0" laneChangedTo="0" flow="80.64"/>
        <edge id="-548373963#1" sampledSeconds="12.81" traveltime="3.63" overlapTraveltime="4.27" density="0.23" overlapDensity="0.27" laneDensity="0.23" occupancy="0.12" waitingTime="0.00" timeLoss="4.49" speed="15.30" speedRelative="0.55" departed="0" arrived="1" entered="3" left="2" laneChangedFrom="0" laneChangedTo="0" flow="12.44"/>
        <edge id="-548373963#2" sampledSeconds="6.78" traveltime="1.15" overlapTraveltime="1.36" density="0.25" overlapDensity="0.30" laneDensity="0.25" occupancy="0.13" waitingTime="0.00" timeLoss="0.58" speed="24.79" speedRelative="0.89" departed="0" arrived="2" entered="5" left="3" laneChangedFrom="0" laneChangedTo="0" flow="22.42"/>
        <edge id="-548373963#3" sampledSeconds="7.15" traveltime="0.99" overlapTraveltime="1.19" density="0.32" overlapDensity="0.39" laneDensity="0.32" occupancy="0.16" waitingTime="0.00" timeLoss="0.98" speed="23.43" speedRelative="0.84" departed="0" arrived="1" entered="6" left="5" laneChangedFrom="0" laneChangedTo="0" flow="27.22"/>
        <edge id="-548373963#4" sampledSeconds="20.87" traveltime="1.63" overlapTraveltime="2.09" density="0.83" overlapDensity="1.07" laneDensity="0.83" occupancy="0.44" waitingTime="0.00" timeLoss="7.17" speed="14.08" speedRelative="0.51" departed="0" arrived="0" entered="10" left="10" laneChangedFrom="0" laneChangedTo="0" flow="42.27"/>
        <edge id="-548373963#5" sampledSeconds="41.69" traveltime="3.52" overlapTraveltime="3.79" density="0.68" overlapDensity="0.74" laneDensity="0.68" occupancy="0.34" waitingTime="0.00" timeLoss="10.58" speed="20.02" speedRelative="0.72" departed="0" arrived="0" entered="11" left="11" laneChangedFrom="0" laneChangedTo="0" flow="49.17"/>
        <edge id="-548373963#6" sampledSeconds="56.19" traveltime="3.93" overlapTraveltime="4.32" density="1.18" overlapDensity="1.30" laneDensity="1.18" occupancy="0.59" waitingTime="0.00" timeLoss="27.24" speed="13.65" speedRelative="0.49" departed="0" arrived="0" entered="13" left="13" laneChangedFrom="0" laneChangedTo="0" flow="58.05"/>
        <edge id="-649120019#0" sampledSeconds="128.16" traveltime="17.08" overlapTraveltime="18.31" density="2.85" overlapDensity="3.06" laneDensity="2.85" occupancy="1.47" waitingTime="65.00" timeLoss="95.95" speed="3.14" speedRelative="0.23" departed="0" arrived="0" entered="7" left="7" laneChangedFrom="0" laneChangedTo="0" flow="32.18"/>
        <edge id="-649120019#1" sampledSeconds="47.45" traveltime="6.54" overlapTraveltime="6.91" density="0.81" overlapDensity="0.85" laneDensity="0.81" occupancy="0.40" waitingTime="0.00" timeLoss="11.44" speed="10.79" speedRelative="0.78" departed="2" arrived="0" entered="5" left="7" laneChangedFrom="0" laneChangedTo="0" flow="31.29"/>
        <edge id="-649120019#2" sampledSeconds="10.16" traveltime="2.34" overlapTraveltime="2.81" density="0.52" overlapDensity="0.60" laneDensity="0.52" occupancy="0.26" waitingTime="0.00" timeLoss="3.37" speed="9.31" speedRelative="0.67" departed="1" arrived="1" entered="3" left="3" laneChangedFrom="0" laneChangedTo="0" flow="17.43"/>
        <edge id="-649120019#3" sampledSeconds="17.30" traveltime="8.88" overlapTraveltime="9.26" density="0.28" overlapDensity="0.30" laneDensity="0.28" occupancy="0.14" waitingTime="0.00" timeLoss="6.73" speed="8.43" speedRelative="0.61" departed="2" arrived="0" entered="0" left="2" laneChangedFrom="0" laneChangedTo="0" flow="8.58"/>
        <edge id="-649943775" sampledSeconds="95.95" traveltime="31.60" overlapTraveltime="32.44" density="0.33" overlapDensity="0.33" laneDensity="0.33" occupancy="0.17" waitingTime="0.00" timeLoss="14.87" speed="11.20" speedRelative="0.81" departed="3" arrived="0" entered="0" left="3" laneChangedFrom="0" laneChangedTo="0" flow="13.14"/>
        <edge id="-742734989" sampledSeconds="61.84" traveltime="30.27" overlapTraveltime="31.60" density="0.32" overlapDensity="0.33" laneDensity="0.32" occupancy="0.16" waitingTime="17.00" timeLoss="29.43" speed="7.54" speedRelative="0.54" departed="2" arrived="0" entered="0" left="2" laneChangedFrom="0" laneChangedTo="0" flow="8.61"/>
        <edge id="-744238099#0" sampledSeconds="90.45" traveltime="9.60" overlapTraveltime="10.08" density="0.57" overlapDensity="0.60" laneDensity="0.57" occupancy="0.29" waitingTime="0.00" timeLoss="14.01" speed="19.24" speedRelative="0.87" departed="1" arrived="1" entered="8" left="8" laneChangedFrom="0" laneChangedTo="0" flow="39.49"/>
        <edge id="-744238099#1" sampledSeconds="23.26" traveltime="2.12" overlapTraveltime="2.35" density="0.57" overlapDensity="0.62" laneDensity="0.57" occupancy="0.28" waitingTime="0.00" timeLoss="0.97" speed="22.11" speedRelative="1.00" departed="0" arrived="2" entered="10" left="8" laneChangedFrom="0" laneChangedTo="0" flow="45.05"/>
        <edge id="-744238099#2" sampledSeconds="11.28" traveltime="0.88" overlapTraveltime="1.13" density="0.64" overlapDensity="0.82" laneDensity="0.64" occupancy="0.32" waitingTime="0.00" timeLoss="1.66" speed="19.69" speedRelative="0.89" departed="0" arrived="0" entered="10" left="10" laneChangedFrom="0" laneChangedTo="0" flow="45.43"/>
        <edge id="-744238099#3" sampledSeconds="10.51" traveltime="0.61" overlapTraveltime="0.89" density="0.88" overlapDensity="1.26" laneDensity="0.88" occupancy="0.43" waitingTime="0.00" timeLoss="2.48" speed="17.29" speedRelative="0.78" departed="0" arrived="2" entered="12" left="10" laneChangedFrom="0" laneChangedTo="0" flow="54.99"/>
        <edge id="-744238099#4" sampledSeconds="50.22" traveltime="3.86" overlapTraveltime="4.18" density="1.32" overlapDensity="1.43" laneDensity="1.32" occupancy="0.63" waitingTime="0.00" timeLoss="24.28" speed="11.67" speedRelative="0.53" departed="0" arrived="0" entered="12" left="12" laneChangedFrom="0" laneChangedTo="0" flow="55.49"/>
        <edge id="-744238099#5" sampledSeconds="263.32" traveltime="8.28" overlapTraveltime="8.81" density="133.33" overlapDensity="133.33" laneDensity="133.33" occupancy="18.88" waitingTime="226.00" timeLoss="240.82" speed="0.59" speedRelative="0.03" departed="3" arrived="0" entered="28" left="30" laneChangedFrom="0" laneChangedTo="0" flow="283.46"/>
        <edge id="-744240848#0" sampledSeconds="6.14" traveltime="1.70" overlapTraveltime="2.05" density="0.26" overlapDensity="0.31" laneDensity="0.26" occupancy="0.13" waitingTime="0.00" timeLoss="0.22" speed="14.54" speedRelative="1.05" departed="0" arrived="3" entered="3" left="0" laneChangedFrom="0" laneChangedTo="0" flow="13.51"/>
        <edge id="-744240848#1" sampledSeconds="24.47" traveltime="12.00" overlapTraveltime="12.87" density="0.29" overlapDensity="0.31" laneDensity="0.29" occupancy="0.15" waitingTime="0.00" timeLoss="8.62" speed="8.03" speedRelative="0.58" departed="2" arrived="0" entered="0" left="2" laneChangedFrom="0" laneChangedTo="0" flow="8.36"/>
        <edge id="-744528054#0" sampledSeconds="118.17" traveltime="16.40" overlapTraveltime="17.07" density="0.73" overlapDensity="0.76" laneDensity="0.73" occupancy="0.37" waitingTime="0.00" timeLoss="22.94" speed="11.63" speedRelative="0.84" departed="3" arrived="1" entered="4" left="6" laneChangedFrom="0" laneChangedTo="0" flow="30.70"/>
        <edge id="-744528054#1" sampledSeconds="32.25" traveltime="31.77" overlapTraveltime="32.69" density="0.11" overlapDensity="0.11" laneDensity="0.11" occupancy="0.05" waitingTime="0.00" timeLoss="4.76" speed="11.46" speedRelative="0.83" departed="1" arrived="0" entered="0" left="1" laneChangedFrom="0" laneChangedTo="0" flow="4.37"/>
        <edge id="-744796384" sampledSeconds="19.43" traveltime="18.86" overlapTraveltime="19.92" density="0.12" overlapDensity="0.12" laneDensity="0.12" occupancy="0.06" waitingTime="0.00" timeLoss="5.05" speed="10.25" speedRelative="0.74" departed="1" arrived="0" entered="0" left="1" laneChangedFrom="0" laneChangedTo="0" flow="4.26"/>
        <edge id="-745527904#0" sampledSeconds="58.36" traveltime="7.51" overlapTraveltime="8.50" density="0.90" overlapDensity="1.02" laneDensity="0.90" occupancy="0.48" waitingTime="1.00" timeLoss="18.30" speed="8.98" speedRelative="0.65" departed="2" arrived="0" entered="5" left="7" laneChangedFrom="0" laneChangedTo="0" flow="29.18"/>
        <edge id="-745527904#1" sampledSeconds="32.14" traveltime="6.78" overlapTraveltime="7.12" density="0.80" overlapDensity="0.85" laneDensity="0.80" occupancy="0.41" waitingTime="0.00" timeLoss="16.04" speed="7.38" speedRelative="0.53" departed="5" arrived="0" entered="0" left="5" laneChangedFrom="0" laneChangedTo="0" flow="21.13"/>
        <edge id="-746528092#0" sampledSeconds="38.13" traveltime="3.12" overlapTraveltime="3.88" density="1.45" overlapDensity="1.81" laneDensity="1.45" occupancy="0.77" waitingTime="0.00" timeLoss="10.65" speed="8.09" speedRelative="0.58" departed="1" arrived="2" entered="9" left="8" laneChangedFrom="0" laneChangedTo="0" flow="42.25"/>
        <edge id="-746528092#1" sampledSeconds="39.03" traveltime="3.50" overlapTraveltime="3.90" density="1.23" overlapDensity="1.37" laneDensity="1.23" occupancy="0.59" waitingTime="0.00" timeLoss="8.20" speed="10.38" speedRelative="0.75" departed="0" arrived="1" entered="10" left="9" laneChangedFrom="0" laneChangedTo="0" flow="46.05"/>
        <edge id="-746528092#2" sampledSeconds="93.07" traveltime="4.09" overlapTraveltime="5.06" density="3.76" overlapDensity="4.66" laneDensity="3.76" occupancy="2.01" waitingTime="7.00" timeLoss="44.46" speed="5.92" speedRelative="0.43" departed="3" arrived="2" entered="16" left="17" laneChangedFrom="0" laneChangedTo="0" flow="80.24"/>
        <edge id="-746528092#3" sampledSeconds="147.94" traveltime="8.55" overlapTraveltime="9.38" density="2.05" overlapDensity="2.24" laneDensity="2.05" occupancy="1.04" waitingTime="0.00" timeLoss="46.21" speed="9.34" speedRelative="0.67" departed="3" arrived="3" entered="13" left="13" laneChangedFrom="0" laneChangedTo="0" flow="68.82"/>
        <edge id="-749702421" sampledSeconds="20.19" traveltime="9.93" overlapTraveltime="10.79" density="0.31" overlapDensity="0.34" laneDensity="0.31" occupancy="0.16" waitingTime="0.00" timeLoss="8.27" speed="7.35" speedRelative="0.53" departed="2" arrived="0" entered="0" left="2" laneChangedFrom="0" laneChangedTo="0" flow="8.23"/>
        <edge id="-749959413#0" sampledSeconds="7.04" traveltime="6.62" overlapTraveltime="7.04" density="0.11" overlapDensity="0.11" laneDensity="0.11" occupancy="0.05" waitingTime="0.00" timeLoss="0.55" speed="11.74" speedRelative="0.85" departed="0" arrived="1" entered="1" left="0" laneChangedFrom="0" laneChangedTo="0" flow="4.50"/>
        <edge id="-749959413#1" sampledSeconds="201.63" traveltime="14.14" overlapTraveltime="15.55" density="1.41" overlapDensity="1.55" laneDensity="1.41" occupancy="0.72" waitingTime="3.00" timeLoss="32.09" speed="10.81" speedRelative="0.78" departed="1" arrived="0" entered="12" left="13" laneChangedFrom="0" laneChangedTo="0" flow="54.69"/>
        <edge id="-749959413#2" sampledSeconds="82.19" traveltime="8.77" overlapTraveltime="9.25" density="1.00" overlapDensity="1.05" laneDensity="1.00" occupancy="0.50" waitingTime="0.00" timeLoss="10.44" speed="11.12" speedRelative="0.80" departed="2" arrived="1" entered="7" left="8" laneChangedFrom="0" laneChangedTo="0" flow="39.90"/>
        <edge id="-749959413#3" sampledSeconds="10.33" traveltime="1.80" overlapTraveltime="2.32" density="0.71" overlapDensity="0.96" laneDensity="0.71" occupancy="0.39" waitingTime="0.00" timeLoss="4.24" speed="7.92" speedRelative="0.57" departed="2" arrived="0" entered="3" left="5" laneChangedFrom="0" laneChangedTo="0" flow="20.32"/>
        <edge id="-749959413#4" sampledSeconds="16.93" traveltime="5.25" overlapTraveltime="5.64" density="0.31" overlapDensity="0.33" laneDensity="0.31" occupancy="0.15" waitingTime="0.00" timeLoss="1.94" speed="12.15" speedRelative="0.88" departed="0" arrived="0" entered="3" left="3" laneChangedFrom="0" laneChangedTo="0" flow="13.55"/>
        <edge id="-749999919#0" sampledSeconds="10.56" traveltime="3.30" overlapTraveltime="3.70" density="0.39" overlapDensity="0.44" laneDensity="0.39" occupancy="0.20" waitingTime="0.00" timeLoss="3.53" speed="9.43" speedRelative="0.68" departed="1" arrived="0" entered="2" left="3" laneChangedFrom="0" laneChangedTo="0" flow="13.25"/>
        <edge id="-749999919#1" sampledSeconds="7.31" traveltime="7.56" overlapTraveltime="7.92" density="0.14" overlapDensity="0.15" laneDensity="0.14" occupancy="0.07" waitingTime="0.00" timeLoss="2.98" speed="8.34" speedRelative="0.60" departed="1" arrived="0" entered="0" left="1" laneChangedFrom="0" laneChangedTo="0" flow="4.26"/>
        <edge id="-749999920#0" sampledSeconds="28.70" traveltime="4.59" overlapTraveltime="4.94" density="0.69" overlapDensity="0.75" laneDensity="0.69" occupancy="0.35" waitingTime="0.00" timeLoss="7.72" speed="10.74" speedRelative="0.77" departed="2" arrived="0" entered="4" left="6" laneChangedFrom="0" laneChangedTo="0" flow="26.70"/>
        <edge id="-749999920#1" sampledSeconds="8.12" traveltime="8.26" overlapTraveltime="8.94" density="0.18" overlapDensity="0.20" laneDensity="0.18" occupancy="0.10" waitingTime="0.00" timeLoss="4.78" speed="6.23" speedRelative="0.45" departed="1" arrived="0" entered="0" left="1" laneChangedFrom="0" laneChangedTo="0" flow="4.11"/>
        <edge id="-749999921#0" sampledSeconds="92.99" traveltime="8.63" overlapTraveltime="9.48" density="1.38" overlapDensity="1.52" laneDensity="1.38" occupancy="0.71" waitingTime="5.00" timeLoss="30.45" speed="8.61" speedRelative="0.62" departed="3" arrived="1" entered="7" left="9" laneChangedFrom="0" laneChangedTo="0" flow="42.77"/>
        <edge id="-749999921#1" sampledSeconds="8.05" traveltime="7.57" overlapTraveltime="8.94" density="0.18" overlapDensity="0.22" laneDensity="0.18" occupancy="0.10" waitingTime="0.00" timeLoss="2.30" speed="5.75" speedRelative="0.41" departed="1" arrived="0" entered="0" left="1" laneChangedFrom="0" laneChangedTo="0" flow="3.76"/>
        <edge id="-750356550" sampledSeconds="52.34" traveltime="7.23" overlapTraveltime="7.61" density="0.80" overlapDensity="0.84" laneDensity="0.80" occupancy="0.40" waitingTime="0.00" timeLoss="11.26" speed="10.86" speedRelative="0.78" departed="2" arrived="0" entered="5" left="7" laneChangedFrom="0" laneChangedTo="0" flow="31.25"/>
        <edge id="-763017695#1" sampledSeconds="81.02" traveltime="19.60" overlapTraveltime="20.63" density="1.04" overlapDensity="1.07" laneDensity="1.04" occupancy="0.52" waitingTime="0.00" timeLoss="10.03" speed="4.82" speedRelative="0.87" departed="0" arrived="4" entered="4" left="0" laneChangedFrom="0" laneChangedTo="0" flow="18.01"/>
        <edge id="-800108283" sampledSeconds="7.90" traveltime="7.98" overlapTraveltime="8.72" density="0.18" overlapDensity="0.20" laneDensity="0.18" occupancy="0.10" waitingTime="0.00" timeLoss="4.46" speed="6.21" speedRelative="0.45" departed="1" arrived="0" entered="0" left="1" laneChangedFrom="0" laneChangedTo="0" flow="4.07"/>
        <edge id="-800530318" sampledSeconds="103.52" traveltime="51.70" overlapTraveltime="52.13" density="0.21" overlapDensity="0.21" laneDensity="0.21" occupancy="0.11" waitingTime="0.00" timeLoss="7.81" speed="11.75" speedRelative="0.85" departed="0" arrived="2" entered="2" left="0" laneChangedFrom="0" laneChangedTo="0" flow="9.00"/>
        <edge id="-801397524" sampledSeconds="26.15" traveltime="25.98" overlapTraveltime="26.63" density="0.12" overlapDensity="0.12" laneDensity="0.12" occupancy="0.06" waitingTime="0.00" timeLoss="3.83" speed="10.45" speedRelative="0.75" departed="1" arrived="0" entered="0" left="1" laneChangedFrom="0" laneChangedTo="0" flow="4.39"/>
        <edge id="-801397525" sampledSeconds="18.00" traveltime="5.77" overlapTraveltime="6.14" density="0.33" overlapDensity="0.35" laneDensity="0.33" occupancy="0.16" waitingTime="0.00" timeLoss="4.75" speed="11.34" speedRelative="0.82" departed="0" arrived="3" entered="3" left="0" laneChangedFrom="0" laneChangedTo="0" flow="13.66"/>
        <edge id="-802000252#0" sampledSeconds="201.79" traveltime="13.00" overlapTraveltime="13.45" density="1.48" overlapDensity="1.53" laneDensity="1.48" occupancy="0.74" waitingTime="0.00" timeLoss="14.21" speed="12.59" speedRelative="0.91" departed="0" arrived="0" entered="15" left="15" laneChangedFrom="0" laneChangedTo="0" flow="67.22"/>
        <edge id="-802000252#1" sampledSeconds="90.12" traveltime="2.67" overlapTraveltime="3.24" density="3.37" overlapDensity="4.06" laneDensity="3.37" occupancy="1.69" waitingTime="0.00" timeLoss="17.11" speed="10.11" speedRelative="0.73" departed="0" arrived="3" entered="28" left="25" laneChangedFrom="0" laneChangedTo="0" flow="122.58"/>
        <edge id="-802000252#2" sampledSeconds="21.39" traveltime="0.02" overlapTraveltime="0.69" density="3.64" overlapDensity="133.33" laneDensity="3.64" occupancy="2.60" waitingTime="1.00" timeLoss="7.05" speed="7.52" speedRelative="0.54" departed="2" arrived="0" entered="29" left="31" laneChangedFrom="0" laneChangedTo="0" flow="98.54"/>
        <edge id="-802000252#3" sampledSeconds="81.56" traveltime="1.53" overlapTraveltime="2.33" density="5.17" overlapDensity="7.87" laneDensity="5.17" occupancy="2.65" waitingTime="4.00" timeLoss="32.73" speed="7.71" speedRelative="0.55" departed="0" arrived="0" entered="35" left="35" laneChangedFrom="0" laneChangedTo="0" flow="143.46"/>
        <edge id="-802000252#4" sampledSeconds="57.06" traveltime="1.12" overlapTraveltime="1.60" density="4.34" overlapDensity="6.31" laneDensity="4.34" occupancy="2.28" waitingTime="0.00" timeLoss="14.42" speed="10.22" speedRelative="0.74" departed="4" arrived="3" entered="33" left="34" laneChangedFrom="0" laneChangedTo="0" flow="159.71"/>
        <edge id="-802000252#5" sampledSeconds="349.92" traveltime="10.23" overlapTraveltime="10.64" density="3.59" overlapDensity="3.74" laneDensity="3.59" occupancy="1.76" waitingTime="0.00" timeLoss="58.47" speed="11.47" speedRelative="0.83" departed="1" arrived="1" entered="32" left="32" laneChangedFrom="0" laneChangedTo="0" flow="148.16"/>
        <edge id="-802794946#1" sampledSeconds="43.15" traveltime="4.45" overlapTraveltime="5.39" density="1.06" overlapDensity="1.29" laneDensity="1.06" occupancy="0.55" waitingTime="0.00" timeLoss="9.32" speed="8.70" speedRelative="0.63" departed="0" arrived="0" entered="8" left="8" laneChangedFrom="0" laneChangedTo="0" flow="33.23"/>
        <edge id="-802794948#0" sampledSeconds="31.98" traveltime="3.99" overlapTraveltime="4.67" density="1.13" overlapDensity="1.33" laneDensity="1.13" occupancy="0.57" waitingTime="0.00" timeLoss="11.36" speed="7.50" speedRelative="0.54" departed="1" arrived="1" entered="6" left="6" laneChangedFrom="0" laneChangedTo="0" flow="30.63"/>
        <edge id="-802794948#1" sampledSeconds="16.07" traveltime="8.25" overlapTraveltime="8.66" density="0.29" overlapDensity="0.31" laneDensity="0.29" occupancy="0.15" waitingTime="0.00" timeLoss="5.77" speed="8.16" speedRelative="0.59" departed="2" arrived="0" entered="0" left="2" laneChangedFrom="0" laneChangedTo="0" flow="8.51"/>
        <edge id="-802794949" sampledSeconds="113.70" traveltime="22.19" overlapTraveltime="23.25" density="0.59" overlapDensity="0.62" laneDensity="0.59" occupancy="0.30" waitingTime="2.00" timeLoss="26.46" speed="10.09" speedRelative="0.73" departed="5" arrived="0" entered="0" left="5" laneChangedFrom="0" laneChangedTo="0" flow="21.46"/>
        <edge id="-802794950" sampledSeconds="144.70" traveltime="9.48" overlapTraveltime="10.37" density="1.53" overlapDensity="1.68" laneDensity="1.53" occupancy="0.78" waitingTime="0.00" timeLoss="20.12" speed="10.89" speedRelative="0.78" departed="1" arrived="1" entered="13" left="13" laneChangedFrom="0" laneChangedTo="0" flow="60.08"/>
        <edge id="-802794952" sampledSeconds="180.56" traveltime="12.15" overlapTraveltime="13.02" density="1.62" overlapDensity="1.73" laneDensity="1.62" occupancy="0.82" waitingTime="0.00" timeLoss="34.00" speed="10.40" speedRelative="0.75" departed="3" arrived="1" entered="11" left="13" laneChangedFrom="0" laneChangedTo="0" flow="60.53"/>
        <edge id="-802794953" sampledSeconds="8.39" traveltime="8.49" overlapTraveltime="9.08" density="0.16" overlapDensity="0.17" laneDensity="0.16" occupancy="0.08" waitingTime="0.00" timeLoss="3.67" speed="7.38" speedRelative="0.53" departed="1" arrived="0" entered="0" left="1" laneChangedFrom="0" laneChangedTo="0" flow="4.17"/>
        <edge id="-802794955" sampledSeconds="378.47" traveltime="64.87" overlapTraveltime="65.81" density="3.39" overlapDensity="3.42" laneDensity="3.39" occupancy="1.70" waitingTime="290.00" timeLoss="318.02" speed="2.18" speedRelative="0.16" departed="6" arrived="0" entered="0" left="5" laneChangedFrom="0" laneChangedTo="0" flow="26.56"/>
        <edge id="-802794959" sampledSeconds="35.78" traveltime="17.42" overlapTraveltime="18.43" density="0.25" overlapDensity="0.26" laneDensity="0.25" occupancy="0.13" waitingTime="0.00" timeLoss="7.94" speed="9.45" speedRelative="0.68" departed="2" arrived="0" entered="0" left="2" laneChangedFrom="0" laneChangedTo="0" flow="8.50"/>
        <edge id="-805333882" sampledSeconds="101.88" traveltime="50.66" overlapTraveltime="51.05" density="0.20" overlapDensity="0.20" laneDensity="0.20" occupancy="0.10" waitingTime="0.00" timeLoss="7.00" speed="12.66" speedRelative="0.91" departed="0" arrived="2" entered="2" left="0" laneChangedFrom="0" laneChangedTo="0" flow="9.00"/>
        <edge id="-805971869#1" sampledSeconds="38.22" traveltime="18.14" overlapTraveltime="19.11" density="0.52" overlapDensity="0.55" laneDensity="0.52" occupancy="0.26" waitingTime="0.00" timeLoss="4.39" speed="4.84" speedRelative="0.87" departed="0" arrived="0" entered="2" left="2" laneChangedFrom="0" laneChangedTo="0" flow="9.03"/>
        <edge id="-805971869#2" sampledSeconds="22.44" traveltime="10.21" overlapTraveltime="11.22" density="0.53" overlapDensity="0.58" laneDensity="0.53" occupancy="0.26" waitingTime="0.00" timeLoss="2.86" speed="4.75" speedRelative="0.85" departed="0" arrived="0" entered="2" left="2" laneChangedFrom="0" laneChangedTo="0" flow="9.04"/>
        <edge id="-805971869#3" sampledSeconds="79.62" traveltime="38.75" overlapTraveltime="39.81" density="0.52" overlapDensity="0.54" laneDensity="0.52" occupancy="0.26" waitingTime="0.00" timeLoss="9.89" speed="4.77" speedRelative="0.86" departed="0" arrived="0" entered="2" left="2" laneChangedFrom="0" laneChangedTo="0" flow="9.00"/>
        <edge id="-895443202" sampledSeconds="808.62" traveltime="182.83" overlapTraveltime="192.00" density="17.90" overlapDensity="17.96" laneDensity="17.90" occupancy="8.97" waitingTime="757.00" timeLoss="789.03" speed="0.32" speedRelative="0.02" departed="5" arrived="0" entered="0" left="3" laneChangedFrom="0" laneChangedTo="0" teleported="1" flow="20.57"/>
        <edge id="1047765852#0" sampledSeconds="13.91" traveltime="7.85" overlapTraveltime="8.91" density="0.78" overlapDensity="0.96" laneDensity="0.78" occupancy="0.44" waitingTime="3.00" timeLoss="11.26" speed="2.60" speedRelative="0.19" departed="2" arrived="0" entered="0" left="2" laneChangedFrom="0" laneChangedTo="0" flow="7.27"/>
        <edge id="1047765852#1" sampledSeconds="9.79" traveltime="9.42" overlapTraveltime="9.79" density="0.10" overlapDensity="0.11" laneDensity="0.10" occupancy="0.05" waitingTime="0.00" timeLoss="1.28" speed="11.97" speedRelative="0.86" departed="0" arrived="1" entered="1" left="0" laneChangedFrom="0" laneChangedTo="0" flow="4.52"/>
        <edge id="1177215276" sampledSeconds="3.35" traveltime="3.13" overlapTraveltime="3.75" density="0.17" overlapDensity="0.19" laneDensity="0.17" occupancy="0.08" waitingTime="0.00" timeLoss="2.09" speed="7.31" speedRelative="0.33" departed="0" arrived="1" entered="1" left="0" laneChangedFrom="0" laneChangedTo="0" flow="4.60"/>
        <edge id="1177215277" sampledSeconds="111.25" traveltime="74.50" overlapTraveltime="71.34" density="7.38" overlapDensity="7.66" laneDensity="7.38" occupancy="3.77" waitingTime="96.00" timeLoss="108.31" speed="0.32" speedRelative="0.01" departed="2" arrived="0" entered="0" left="2" laneChangedFrom="0" laneChangedTo="0" flow="8.62"/>
        <edge id="1193733759#0" sampledSeconds="152.75" traveltime="11.27" overlapTraveltime="11.90" density="1.55" overlapDensity="1.64" laneDensity="1.55" occupancy="0.78" waitingTime="0.00" timeLoss="39.00" speed="10.18" speedRelative="0.73" departed="4" arrived="2" entered="9" left="11" laneChangedFrom="0" laneChangedTo="0" flow="57.01"/>
        <edge id="1193733759#1" sampledSeconds="6.45" traveltime="0.02" overlapTraveltime="0.59" density="1.67" overlapDensity="40.29" laneDensity="1.67" occupancy="0.78" waitingTime="0.00" timeLoss="2.31" speed="8.87" speedRelative="0.64" departed="0" arrived="1" entered="11" left="10" laneChangedFrom="0" laneChangedTo="0" flow="53.24"/>
        <edge id="1193733759#2" sampledSeconds="36.69" traveltime="2.25" overlapTraveltime="3.19" density="1.98" overlapDensity="2.83" laneDensity="1.98" occupancy="1.11" waitingTime="0.00" timeLoss="11.27" speed="6.65" speedRelative="0.48" departed="2" arrived="0" entered="10" left="12" laneChangedFrom="0" laneChangedTo="0" flow="47.28"/>
        <edge id="1193733759#3" sampledSeconds="15.27" traveltime="4.77" overlapTraveltime="5.18" density="0.35" overlapDensity="0.38" laneDensity="0.35" occupancy="0.17" waitingTime="0.00" timeLoss="3.08" speed="10.74" speedRelative="0.77" departed="0" arrived="3" entered="3" left="0" laneChangedFrom="0" laneChangedTo="0" flow="13.67"/>
        <edge id="1195176490" sampledSeconds="43.22" traveltime="5.47" overlapTraveltime="6.26" density="0.92" overlapDensity="1.06" laneDensity="0.92" occupancy="0.47" waitingTime="0.00" timeLoss="11.01" speed="8.96" speedRelative="0.64" departed="1" arrived="1" entered="6" left="6" laneChangedFrom="0" laneChangedTo="0" flow="29.81"/>
        <edge id="1195269934" sampledSeconds="58.56" traveltime="19.28" overlapTraveltime="20.01" density="0.35" overlapDensity="0.36" laneDensity="0.35" occupancy="0.18" waitingTime="0.00" timeLoss="13.56" speed="10.41" speedRelative="0.75" departed="3" arrived="0" entered="0" left="3" laneChangedFrom="0" laneChangedTo="0" flow="12.99"/>
        <edge id="1210908131#1" sampledSeconds="36.45" traveltime="1.27" overlapTraveltime="1.90" density="3.68" overlapDensity="5.63" laneDensity="3.68" occupancy="1.79" waitingTime="0.00" timeLoss="27.31" speed="6.90" speedRelative="0.25" departed="2" arrived="0" entered="18" left="20" laneChangedFrom="0" laneChangedTo="0" flow="91.53"/>
        <edge id="1210908131#2" sampledSeconds="27.19" traveltime="0.03" overlapTraveltime="0.74" density="6.27" overlapDensity="133.33" laneDensity="6.27" occupancy="3.28" waitingTime="0.00" timeLoss="20.34" speed="7.06" speedRelative="0.25" departed="2" arrived="0" entered="35" left="37" laneChangedFrom="0" laneChangedTo="0" flow="159.49"/>
        <edge id="1210908131#3" sampledSeconds="780.98" traveltime="20.48" overlapTraveltime="21.11" density="5.15" overlapDensity="5.30" laneDensity="5.15" occupancy="2.58" waitingTime="285.00" timeLoss="531.30" speed="8.96" speedRelative="0.32" departed="0" arrived="0" entered="37" left="37" laneChangedFrom="0" laneChangedTo="0" flow="165.95"/>
        <edge id="1210908131#4" sampledSeconds="371.00" traveltime="8.52" overlapTraveltime="9.37" density="55.40" overlapDensity="61.34" laneDensity="55.40" occupancy="28.19" waitingTime="282.00" timeLoss="350.82" speed="1.34" speedRelative="0.05" departed="1" arrived="0" entered="39" left="40" laneChangedFrom="0" laneChangedTo="0" flow="267.36"/>
        <edge id="1211177868" sampledSeconds="11.20" traveltime="3.42" overlapTraveltime="3.80" density="0.32" overlapDensity="0.35" laneDensity="0.32" occupancy="0.15" waitingTime="0.00" timeLoss="2.11" speed="11.97" speedRelative="0.86" departed="0" arrived="3" entered="3" left="0" laneChangedFrom="0" laneChangedTo="0" flow="13.67"/>
        <edge id="1211218982" sampledSeconds="6.96" traveltime="3.38" overlapTraveltime="3.85" density="0.26" overlapDensity="0.27" laneDensity="0.26" occupancy="0.12" waitingTime="0.00" timeLoss="2.40" speed="9.78" speedRelative="0.70" departed="0" arrived="2" entered="2" left="0" laneChangedFrom="0" laneChangedTo="0" flow="9.09"/>
        <edge id="1262877731#1" sampledSeconds="30.25" traveltime="3.60" overlapTraveltime="4.52" density="1.05" overlapDensity="1.33" laneDensity="1.05" occupancy="0.57" waitingTime="0.00" timeLoss="10.49" speed="7.42" speedRelative="0.53" departed="2" arrived="1" entered="5" left="6" laneChangedFrom="0" laneChangedTo="0" flow="27.97"/>
        <edge id="1266707781" sampledSeconds="50.60" traveltime="0.05" overlapTraveltime="1.12" density="14.67" overlapDensity="133.33" laneDensity="14.67" occupancy="6.07" waitingTime="0.00" timeLoss="16.79" speed="4.62" speedRelative="0.21" departed="0" arrived="0" entered="45" left="45" laneChangedFrom="0" laneChangedTo="0" flow="244.31"/>
        <edge id="1305162881#0" sampledSeconds="48.99" traveltime="1.83" overlapTraveltime="2.61" density="2.99" overlapDensity="4.30" laneDensity="2.99" occupancy="1.58" waitingTime="0.00" timeLoss="14.05" speed="7.36" speedRelative="0.53" departed="1" arrived="3" entered="18" left="16" laneChangedFrom="0" laneChangedTo="0" flow="79.33"/>
        <edge id="1305162882" sampledSeconds="161.02" traveltime="8.33" overlapTraveltime="9.01" density="2.27" overlapDensity="2.46" laneDensity="2.27" occupancy="1.14" waitingTime="0.00" timeLoss="43.60" speed="9.64" speedRelative="0.69" departed="2" arrived="3" entered="16" left="15" laneChangedFrom="0" laneChangedTo="0" flow="78.91"/>
        <edge id="1305162883" sampledSeconds="13.45" traveltime="6.36" overlapTraveltime="6.76" density="0.22" overlapDensity="0.23" laneDensity="0.22" occupancy="0.11" waitingTime="0.00" timeLoss="2.08" speed="11.44" speedRelative="0.82" departed="0" arrived="2" entered="2" left="0" laneChangedFrom="0" laneChangedTo="0" flow="9.05"/>
        <edge id="1364681134#0" sampledSeconds="2438.11" traveltime="112.88" overlapTraveltime="116.30" density="87.16" overlapDensity="88.01" laneDensity="87.16" occupancy="43.70" waitingTime="2242.00" timeLoss="2404.13" speed="0.34" speedRelative="0.01" departed="2" arrived="0" entered="24" left="22" laneChangedFrom="0" laneChangedTo="0" teleported="1" flow="106.91"/>
        <edge id="1364681134#1" sampledSeconds="607.30" traveltime="9.75" overlapTraveltime="17.64" density="133.33" overlapDensity="133.33" laneDensity="133.33" occupancy="55.21" waitingTime="554.60" timeLoss="585.96" speed="0.29" speedRelative="0.01" departed="2" arrived="1" entered="41" left="42" laneChangedFrom="0" laneChangedTo="0" teleported="1" flow="141.53"/>
        <edge id="1364681846#0" sampledSeconds="550.85" traveltime="74.05" overlapTraveltime="94.06" density="133.33" overlapDensity="133.33" laneDensity="133.33" occupancy="40.15" waitingTime="538.86" timeLoss="547.30" speed="0.06" speedRelative="0.00" departed="2" arrived="0" entered="5" left="7" laneChangedFrom="0" laneChangedTo="0" teleported="1" flow="26.54"/>
        <edge id="1364681846#1" sampledSeconds="45.83" traveltime="0.23" overlapTraveltime="7.48" density="0.62" overlapDensity="40.92" laneDensity="0.62" occupancy="5.52" waitingTime="31.00" timeLoss="40.04" speed="0.86" speedRelative="0.03" departed="3" arrived="0" entered="4" left="7" laneChangedFrom="0" laneChangedTo="0" flow="1.92"/>
        <edge id="1364681848#0" sampledSeconds="47.38" traveltime="0.60" overlapTraveltime="1.76" density="98.19" overlapDensity="296.13" laneDensity="32.73" occupancy="1.56" waitingTime="14.45" timeLoss="26.17" speed="2.96" speedRelative="0.21" departed="1" arrived="0" entered="28" left="29" laneChangedFrom="2" laneChangedTo="2" flow="1045.98"/>
        <edge id="1364681848#1" sampledSeconds="50.27" traveltime="3.58" overlapTraveltime="3.99" density="1.65" overlapDensity="1.84" laneDensity="0.55" occupancy="0.28" waitingTime="0.00" timeLoss="12.65" speed="9.80" speedRelative="0.71" departed="3" arrived="0" entered="10" left="13" laneChangedFrom="5" laneChangedTo="5" flow="58.07"/>
        <edge id="1364681848#2" sampledSeconds="175.11" traveltime="10.96" overlapTraveltime="11.67" density="1.53" overlapDensity="1.63" laneDensity="0.51" occupancy="0.26" waitingTime="0.00" timeLoss="12.98" speed="11.90" speedRelative="0.86" departed="0" arrived="1" entered="15" left="14" laneChangedFrom="0" laneChangedTo="0" flow="65.74"/>
        <edge id="1364681848#2-AddedOnRampEdge" sampledSeconds="127.91" traveltime="7.60" overlapTraveltime="7.99" density="1.61" overlapDensity="1.69" laneDensity="0.40" occupancy="0.20" waitingTime="0.00" timeLoss="7.46" speed="12.46" speedRelative="0.90" departed="0" arrived="1" entered="16" left="15" laneChangedFrom="11" laneChangedTo="11" flow="72.05"/>
        <edge id="1364681848#3" sampledSeconds="26.51" traveltime="3.80" overlapTraveltime="4.42" density="0.65" overlapDensity="0.75" laneDensity="0.22" occupancy="0.11" waitingTime="0.00" timeLoss="1.85" speed="11.10" speedRelative="0.80" departed="0" arrived="0" entered="6" left="6" laneChangedFrom="0" laneChangedTo="0" flow="25.89"/>
        <edge id="1364681849#1" sampledSeconds="1435.44" traveltime="19.53" overlapTraveltime="20.28" density="67.76" overlapDensity="70.01" laneDensity="22.59" occupancy="11.28" waitingTime="1152.00" timeLoss="1333.40" speed="1.51" speedRelative="0.05" departed="2" arrived="0" entered="72" left="69" laneChangedFrom="29" laneChangedTo="29" flow="368.47"/>
        <edge id="1364681849#2" sampledSeconds="385.92" traveltime="6.59" overlapTraveltime="6.78" density="3.80" overlapDensity="3.91" laneDensity="1.27" occupancy="0.62" waitingTime="0.00" timeLoss="123.80" speed="18.90" speedRelative="0.68" departed="3" arrived="2" entered="54" left="55" laneChangedFrom="16" laneChangedTo="16" flow="258.49"/>
        <edge id="1364681849#3" sampledSeconds="290.44" traveltime="5.00" overlapTraveltime="5.19" density="2.70" overlapDensity="2.80" laneDensity="0.90" occupancy="0.45" waitingTime="0.00" timeLoss="19.62" speed="25.92" speedRelative="0.93" departed="1" arrived="1" entered="55" left="55" laneChangedFrom="3" laneChangedTo="3" flow="252.08"/>
        <edge id="1364681849#4" sampledSeconds="5934.98" traveltime="99.26" overlapTraveltime="110.26" density="39.05" overlapDensity="43.15" laneDensity="13.02" occupancy="6.76" waitingTime="4724.00" timeLoss="5594.40" speed="1.60" speedRelative="0.06" departed="3" arrived="1" entered="55" left="44" laneChangedFrom="1" laneChangedTo="1" flow="225.56"/>
        <edge id="1364681849#5" sampledSeconds="1626.33" traveltime="38.53" overlapTraveltime="40.08" density="159.08" overlapDensity="163.68" laneDensity="53.03" occupancy="23.70" waitingTime="1421.00" timeLoss="1575.08" speed="0.43" speedRelative="0.02" departed="0" arrived="3" entered="42" left="37" laneChangedFrom="1" laneChangedTo="1" flow="248.90"/>
        <edge id="1364681849#6" sampledSeconds="6.99" traveltime="1.35" overlapTraveltime="1.75" density="0.47" overlapDensity="0.61" laneDensity="0.16" occupancy="0.07" waitingTime="0.00" timeLoss="4.21" speed="11.12" speedRelative="0.40" departed="0" arrived="1" entered="4" left="3" laneChangedFrom="0" laneChangedTo="0" flow="18.74"/>
        <edge id="1364681849#7" sampledSeconds="93.98" traveltime="31.16" overlapTraveltime="31.35" density="0.14" overlapDensity="0.14" laneDensity="0.05" occupancy="0.02" waitingTime="0.00" timeLoss="2.38" speed="26.66" speedRelative="0.96" departed="0" arrived="3" entered="3" left="0" laneChangedFrom="2" laneChangedTo="2" flow="13.50"/>
        <edge id="1364681849#7-AddedOnRampEdge" sampledSeconds="15.84" traveltime="5.07" overlapTraveltime="5.28" density="0.20" overlapDensity="0.21" laneDensity="0.05" occupancy="0.02" waitingTime="0.00" timeLoss="4.76" speed="19.14" speedRelative="0.69" departed="0" arrived="0" entered="3" left="3" laneChangedFrom="0" laneChangedTo="0" flow="13.64"/>
        <edge id="1364681850#1" sampledSeconds="11.78" traveltime="0.03" overlapTraveltime="0.69" density="3.24" overlapDensity="73.66" laneDensity="3.24" occupancy="1.41" waitingTime="0.00" timeLoss="5.12" speed="7.50" speedRelative="0.34" departed="0" arrived="0" entered="19" left="19" laneChangedFrom="0" laneChangedTo="0" flow="87.45"/>
        <edge id="1364681851#1" sampledSeconds="288.97" traveltime="0.04" overlapTraveltime="6.57" density="13.33" overlapDensity="400.00" laneDensity="4.44" occupancy="11.10" waitingTime="248.00" timeLoss="276.05" speed="0.79" speedRelative="0.03" departed="0" arrived="0" entered="61" left="61" laneChangedFrom="4" laneChangedTo="4" flow="37.98"/>
        <edge id="1364681851#2" sampledSeconds="402.39" traveltime="6.69" overlapTraveltime="7.37" density="5.36" overlapDensity="5.91" laneDensity="1.79" occupancy="0.91" waitingTime="19.00" timeLoss="200.11" speed="12.23" speedRelative="0.44" departed="1" arrived="1" entered="55" left="50" laneChangedFrom="17" laneChangedTo="17" flow="236.03"/>
        <edge id="1366734423" sampledSeconds="6.53" traveltime="6.23" overlapTraveltime="6.59" density="0.12" overlapDensity="0.13" laneDensity="0.12" occupancy="0.06" waitingTime="0.00" timeLoss="1.82" speed="10.58" speedRelative="0.76" departed="0" arrived="1" entered="1" left="0" laneChangedFrom="0" laneChangedTo="0" flow="4.58"/>
        <edge id="159463136#0" sampledSeconds="109.81" traveltime="109.83" overlapTraveltime="110.09" density="0.07" overlapDensity="0.07" laneDensity="0.07" occupancy="0.03" waitingTime="0.00" timeLoss="7.89" speed="18.12" speedRelative="0.82" departed="1" arrived="0" entered="0" left="1" laneChangedFrom="0" laneChangedTo="0" flow="4.49"/>
        <edge id="159463136#1" sampledSeconds="35.29" traveltime="6.96" overlapTraveltime="7.22" density="0.49" overlapDensity="0.51" laneDensity="0.49" occupancy="0.24" waitingTime="0.00" timeLoss="15.40" speed="12.70" speedRelative="0.57" departed="2" arrived="0" entered="3" left="5" laneChangedFrom="0" laneChangedTo="0" flow="22.40"/>
        <edge id="159463136#2" sampledSeconds="99.31" traveltime="10.94" overlapTraveltime="11.17" density="0.64" overlapDensity="0.66" laneDensity="0.64" occupancy="0.32" waitingTime="0.00" timeLoss="22.25" speed="17.33" speedRelative="0.78" departed="4" arrived="0" entered="5" left="9" laneChangedFrom="0" laneChangedTo="0" flow="40.24"/>
        <edge id="450752220#0" sampledSeconds="11.76" traveltime="11.87" overlapTraveltime="12.28" density="0.12" overlapDensity="0.13" laneDensity="0.12" occupancy="0.06" waitingTime="0.00" timeLoss="2.96" speed="9.79" speedRelative="0.70" departed="1" arrived="0" entered="0" left="1" laneChangedFrom="0" laneChangedTo="0" flow="4.34"/>
        <edge id="450752220#1" sampledSeconds="38.22" traveltime="1.42" overlapTraveltime="1.84" density="2.58" overlapDensity="3.38" laneDensity="2.58" occupancy="1.26" waitingTime="0.00" timeLoss="8.86" speed="10.38" speedRelative="0.75" departed="1" arrived="1" entered="20" left="20" laneChangedFrom="0" laneChangedTo="0" flow="96.55"/>
        <edge id="450752220#2" sampledSeconds="257.67" traveltime="9.41" overlapTraveltime="9.98" density="2.68" overlapDensity="2.84" laneDensity="2.68" occupancy="1.35" waitingTime="2.00" timeLoss="31.90" speed="11.87" speedRelative="0.85" departed="4" arrived="0" entered="22" left="26" laneChangedFrom="0" laneChangedTo="0" flow="114.48"/>
        <edge id="450752220#3" sampledSeconds="405.48" traveltime="13.63" overlapTraveltime="14.02" density="2.89" overlapDensity="2.97" laneDensity="2.89" occupancy="1.45" waitingTime="0.00" timeLoss="34.87" speed="12.51" speedRelative="0.90" departed="3" arrived="1" entered="26" left="28" laneChangedFrom="0" laneChangedTo="0" flow="130.15"/>
        <edge id="548373950#0" sampledSeconds="5.12" traveltime="0.12" overlapTraveltime="1.83" density="0.10" overlapDensity="4.47" laneDensity="0.03" occupancy="0.19" waitingTime="0.00" timeLoss="3.75" speed="3.52" speedRelative="0.25" departed="3" arrived="0" entered="1" left="4" laneChangedFrom="0" laneChangedTo="0" flow="1.30"/>
        <edge id="548373950#1" sampledSeconds="72.87" traveltime="8.60" overlapTraveltime="8.74" density="47.92" overlapDensity="58.02" laneDensity="15.97" occupancy="1.34" waitingTime="53.00" timeLoss="68.19" speed="0.75" speedRelative="0.05" departed="2" arrived="0" entered="7" left="9" laneChangedFrom="4" laneChangedTo="4" flow="129.76"/>
        <edge id="548373950#2" sampledSeconds="128.77" traveltime="1.79" overlapTraveltime="2.34" density="10.07" overlapDensity="13.22" laneDensity="3.36" occupancy="1.56" waitingTime="0.00" timeLoss="60.18" speed="7.35" speedRelative="0.53" departed="3" arrived="0" entered="53" left="56" laneChangedFrom="8" laneChangedTo="8" flow="266.33"/>
        <edge id="548373950#3" sampledSeconds="395.97" traveltime="6.33" overlapTraveltime="6.71" density="5.84" overlapDensity="6.19" laneDensity="1.95" occupancy="0.96" waitingTime="0.00" timeLoss="34.44" speed="12.66" speedRelative="0.91" departed="0" arrived="1" entered="59" left="58" laneChangedFrom="14" laneChangedTo="14" flow="266.06"/>
        <edge id="548373950#4" sampledSeconds="444.06" traveltime="7.15" overlapTraveltime="7.54" density="5.71" overlapDensity="6.02" laneDensity="1.90" occupancy="0.95" waitingTime="0.00" timeLoss="30.61" speed="12.90" speedRelative="0.93" departed="1" arrived="0" entered="58" left="59" laneChangedFrom="15" laneChangedTo="15" flow="265.32"/>
        <edge id="548373950#5" sampledSeconds="3241.83" traveltime="49.49" overlapTraveltime="50.08" density="15.73" overlapDensity="15.88" laneDensity="5.24" occupancy="2.62" waitingTime="1863.00" timeLoss="2024.98" speed="5.20" speedRelative="0.37" departed="0" arrived="1" entered="66" left="56" laneChangedFrom="14" laneChangedTo="14" flow="294.29"/>
        <edge id="548373950#6" sampledSeconds="6592.92" traveltime="79.68" overlapTraveltime="91.26" density="95.20" overlapDensity="108.05" laneDensity="31.73" occupancy="16.83" waitingTime="5848.00" timeLoss="6172.63" speed="0.89" speedRelative="0.06" departed="3" arrived="1" entered="77" left="63" laneChangedFrom="37" laneChangedTo="37" flow="305.21"/>
        <edge id="548373950#7" sampledSeconds="2128.17" traveltime="67.71" overlapTraveltime="71.15" density="141.98" overlapDensity="144.73" laneDensity="47.33" occupancy="20.88" waitingTime="1959.00" timeLoss="2077.09" speed="0.33" speedRelative="0.02" departed="0" arrived="3" entered="33" left="26" laneChangedFrom="4" laneChangedTo="4" teleported="1" flow="167.94"/>
        <edge id="548373963#0" sampledSeconds="44.22" traveltime="22.20" overlapTraveltime="22.37" density="0.12" overlapDensity="0.13" laneDensity="0.12" occupancy="0.06" waitingTime="0.00" timeLoss="15.07" speed="19.97" speedRelative="0.72" departed="2" arrived="0" entered="0" left="2" laneChangedFrom="0" laneChangedTo="0" flow="8.93"/>
        <edge id="548373963#1" sampledSeconds="91.38" traveltime="5.19" overlapTraveltime="5.48" density="1.79" overlapDensity="1.89" laneDensity="1.79" occupancy="0.88" waitingTime="0.00" timeLoss="53.93" speed="11.93" speedRelative="0.43" departed="4" arrived="0" entered="13" left="17" laneChangedFrom="0" laneChangedTo="0" flow="76.99"/>
        <edge id="548373963#2" sampledSeconds="40.68" traveltime="1.80" overlapTraveltime="2.07" density="1.54" overlapDensity="1.78" laneDensity="1.54" occupancy="0.78" waitingTime="0.00" timeLoss="18.02" speed="16.26" speedRelative="0.59" departed="2" arrived="0" entered="18" left="20" laneChangedFrom="0" laneChangedTo="0" flow="90.27"/>
        <edge id="548373963#3" sampledSeconds="430.76" traveltime="21.74" overlapTraveltime="22.33" density="23.76" overlapDensity="24.05" laneDensity="23.76" occupancy="11.87" waitingTime="396.00" timeLoss="412.69" speed="1.23" speedRelative="0.04" departed="0" arrived="0" entered="20" left="18" laneChangedFrom="0" laneChangedTo="0" flow="104.89"/>
        <edge id="548373963#4" sampledSeconds="1234.70" traveltime="50.45" overlapTraveltime="51.61" density="62.93" overlapDensity="63.33" laneDensity="62.93" occupancy="25.82" waitingTime="1155.00" timeLoss="1210.01" speed="0.57" speedRelative="0.02" departed="3" arrived="0" entered="24" left="23" laneChangedFrom="0" laneChangedTo="0" teleported="1" flow="128.92"/>
        <edge id="548373963#5" sampledSeconds="4040.32" traveltime="175.80" overlapTraveltime="178.65" density="72.25" overlapDensity="72.37" laneDensity="72.25" occupancy="33.79" waitingTime="3849.00" timeLoss="3980.16" speed="0.42" speedRelative="0.02" departed="1" arrived="0" entered="28" left="18" laneChangedFrom="0" laneChangedTo="0" flow="108.90"/>
        <edge id="548373963#6" sampledSeconds="3666.41" traveltime="152.11" overlapTraveltime="155.68" density="84.43" overlapDensity="84.89" laneDensity="84.43" occupancy="42.27" waitingTime="3453.00" timeLoss="3617.07" speed="0.38" speedRelative="0.01" departed="1" arrived="0" entered="26" left="20" laneChangedFrom="0" laneChangedTo="0" teleported="1" flow="115.17"/>
        <edge id="548373992#0" sampledSeconds="101.86" traveltime="101.86" overlapTraveltime="102.30" density="0.11" overlapDensity="0.11" laneDensity="0.04" occupancy="0.02" waitingTime="0.00" timeLoss="7.69" speed="11.54" speedRelative="0.83" departed="1" arrived="0" entered="0" left="1" laneChangedFrom="0" laneChangedTo="0" flow="4.48"/>
        <edge id="548373992#1" sampledSeconds="81.59" traveltime="40.60" overlapTraveltime="41.01" density="0.21" overlapDensity="0.22" laneDensity="0.07" occupancy="0.04" waitingTime="0.00" timeLoss="6.94" speed="11.67" speedRelative="0.84" departed="1" arrived="0" entered="1" left="2" laneChangedFrom="0" laneChangedTo="0" flow="8.95"/>
        <edge id="548373992#2" sampledSeconds="36.12" traveltime="8.90" overlapTraveltime="9.31" density="0.46" overlapDensity="0.48" laneDensity="0.15" occupancy="0.08" waitingTime="0.00" timeLoss="5.87" speed="10.69" speedRelative="0.77" departed="2" arrived="2" entered="2" left="2" laneChangedFrom="0" laneChangedTo="0" flow="17.61"/>
        <edge id="548373992#3" sampledSeconds="656.81" traveltime="164.02" overlapTraveltime="164.41" density="0.41" overlapDensity="0.41" laneDensity="0.14" occupancy="0.07" waitingTime="0.00" timeLoss="40.42" speed="12.19" speedRelative="0.88" departed="2" arrived="0" entered="2" left="4" laneChangedFrom="2" laneChangedTo="2" flow="17.98"/>
        <edge id="548373993#0" sampledSeconds="655.81" traveltime="163.32" overlapTraveltime="163.95" density="0.42" overlapDensity="0.42" laneDensity="0.14" occupancy="0.07" waitingTime="2.00" timeLoss="37.96" speed="12.03" speedRelative="0.87" departed="0" arrived="1" entered="4" left="3" laneChangedFrom="0" laneChangedTo="0" flow="17.98"/>
        <edge id="548373993#1" sampledSeconds="30.46" traveltime="9.74" overlapTraveltime="10.15" density="0.33" overlapDensity="0.34" laneDensity="0.11" occupancy="0.05" waitingTime="0.00" timeLoss="3.14" speed="11.38" speedRelative="0.82" departed="0" arrived="0" entered="3" left="3" laneChangedFrom="0" laneChangedTo="0" flow="13.54"/>
        <edge id="548373993#2" sampledSeconds="112.92" traveltime="37.23" overlapTraveltime="37.64" density="0.31" overlapDensity="0.31" laneDensity="0.10" occupancy="0.05" waitingTime="0.00" timeLoss="5.49" speed="12.07" speedRelative="0.87" departed="0" arrived="1" entered="3" left="2" laneChangedFrom="0" laneChangedTo="0" flow="13.50"/>
        <edge id="548373993#3" sampledSeconds="114.68" traveltime="85.41" overlapTraveltime="85.85" density="0.14" overlapDensity="0.14" laneDensity="0.05" occupancy="0.02" waitingTime="0.00" timeLoss="6.15" speed="11.62" speedRelative="0.84" departed="0" arrived="1" entered="2" left="0" laneChangedFrom="0" laneChangedTo="0" flow="6.02"/>
        <edge id="649120019#0" sampledSeconds="17.60" traveltime="4.04" overlapTraveltime="4.40" density="0.38" overlapDensity="0.41" laneDensity="0.38" occupancy="0.19" waitingTime="0.00" timeLoss="1.34" speed="13.22" speedRelative="0.95" departed="0" arrived="0" entered="4" left="4" laneChangedFrom="0" laneChangedTo="0" flow="18.07"/>
        <edge id="649120019#1" sampledSeconds="21.92" traveltime="5.12" overlapTraveltime="5.48" density="0.37" overlapDensity="0.39" laneDensity="0.37" occupancy="0.18" waitingTime="0.00" timeLoss="0.97" speed="13.67" speedRelative="0.98" departed="0" arrived="0" entered="4" left="4" laneChangedFrom="0" laneChangedTo="0" flow="18.02"/>
        <edge id="649120019#2" sampledSeconds="11.70" traveltime="2.15" overlapTraveltime="2.93" density="0.51" overlapDensity="0.69" laneDensity="0.51" occupancy="0.28" waitingTime="0.00" timeLoss="3.67" speed="8.92" speedRelative="0.64" departed="0" arrived="0" entered="4" left="4" laneChangedFrom="0" laneChangedTo="0" flow="16.38"/>
        <edge id="649120019#3" sampledSeconds="6.28" traveltime="6.19" overlapTraveltime="6.59" density="0.10" overlapDensity="0.10" laneDensity="0.10" occupancy="0.05" waitingTime="0.00" timeLoss="0.31" speed="12.42" speedRelative="0.89" departed="0" arrived="1" entered="1" left="0" laneChangedFrom="0" laneChangedTo="0" flow="4.50"/>
        <edge id="744238099#1" sampledSeconds="33.94" traveltime="2.88" overlapTraveltime="3.14" density="0.83" overlapDensity="0.91" laneDensity="0.83" occupancy="0.42" waitingTime="0.00" timeLoss="8.81" speed="16.50" speedRelative="0.74" departed="2" arrived="0" entered="9" left="11" laneChangedFrom="0" laneChangedTo="0" flow="49.30"/>
        <edge id="744238099#2" sampledSeconds="15.79" traveltime="1.06" overlapTraveltime="1.34" density="0.90" overlapDensity="1.15" laneDensity="0.90" occupancy="0.46" waitingTime="0.00" timeLoss="4.08" speed="16.56" speedRelative="0.75" departed="1" arrived="0" entered="11" left="12" laneChangedFrom="0" laneChangedTo="0" flow="53.70"/>
        <edge id="744238099#3" sampledSeconds="14.70" traveltime="0.73" overlapTraveltime="1.11" density="1.23" overlapDensity="1.93" laneDensity="1.23" occupancy="0.69" waitingTime="0.00" timeLoss="6.08" speed="13.16" speedRelative="0.59" departed="2" arrived="0" entered="12" left="14" laneChangedFrom="0" laneChangedTo="0" flow="58.36"/>
        <edge id="744238099#4" sampledSeconds="164.05" traveltime="10.01" overlapTraveltime="11.01" density="4.29" overlapDensity="4.72" laneDensity="4.29" occupancy="2.23" waitingTime="73.00" timeLoss="126.92" speed="4.40" speedRelative="0.20" departed="1" arrived="0" entered="14" left="15" laneChangedFrom="0" laneChangedTo="0" flow="67.90"/>
        <edge id="744238099#5" sampledSeconds="27.40" traveltime="0.92" overlapTraveltime="2.05" density="69.13" overlapDensity="133.33" laneDensity="69.13" occupancy="2.96" waitingTime="10.55" timeLoss="17.27" speed="2.54" speedRelative="0.11" departed="2" arrived="1" entered="12" left="13" laneChangedFrom="0" laneChangedTo="0" flow="632.20"/>
        <edge id="744240848#0" sampledSeconds="4.25" traveltime="4.67" overlapTraveltime="5.13" density="0.19" overlapDensity="0.21" laneDensity="0.19" occupancy="0.10" waitingTime="0.00" timeLoss="2.63" speed="5.80" speedRelative="0.42" departed="1" arrived="0" entered="0" left="1" laneChangedFrom="0" laneChangedTo="0" flow="3.92"/>
        <edge id="744240848#1" sampledSeconds="18.44" traveltime="8.92" overlapTraveltime="9.35" density="0.23" overlapDensity="0.23" laneDensity="0.23" occupancy="0.11" waitingTime="0.00" timeLoss="2.39" speed="11.11" speedRelative="0.80" departed="0" arrived="2" entered="2" left="0" laneChangedFrom="0" laneChangedTo="0" flow="9.02"/>
        <edge id="744251129" sampledSeconds="59.40" traveltime="59.45" overlapTraveltime="59.86" density="0.11" overlapDensity="0.11" laneDensity="0.06" occupancy="0.03" waitingTime="0.00" timeLoss="5.54" speed="11.16" speedRelative="0.80" departed="1" arrived="0" entered="0" left="1" laneChangedFrom="0" laneChangedTo="0" flow="4.47"/>
        <edge id="744528054#0" sampledSeconds="75.46" traveltime="18.51" overlapTraveltime="19.37" density="0.48" overlapDensity="0.50" laneDensity="0.48" occupancy="0.24" waitingTime="0.00" timeLoss="19.51" speed="10.01" speedRelative="0.72" departed="4" arrived="0" entered="0" left="4" laneChangedFrom="0" laneChangedTo="0" flow="17.18"/>
        <edge id="744528054#1" sampledSeconds="31.45" traveltime="31.04" overlapTraveltime="31.45" density="0.11" overlapDensity="0.11" laneDensity="0.11" occupancy="0.05" waitingTime="0.00" timeLoss="2.79" speed="11.90" speedRelative="0.86" departed="0" arrived="1" entered="1" left="0" laneChangedFrom="0" laneChangedTo="0" flow="4.50"/>
        <edge id="745188103" sampledSeconds="12.52" traveltime="3.05" overlapTraveltime="3.73" density="0.73" overlapDensity="0.87" laneDensity="0.73" occupancy="0.38" waitingTime="0.00" timeLoss="7.20" speed="6.18" speedRelative="0.28" departed="2" arrived="1" entered="2" left="3" laneChangedFrom="0" laneChangedTo="0" flow="16.14"/>
        <edge id="745188104#0" sampledSeconds="1245.08" traveltime="62.64" overlapTraveltime="64.33" density="73.09" overlapDensity="73.83" laneDensity="73.09" occupancy="36.56" waitingTime="1159.00" timeLoss="1222.43" speed="0.41" speedRelative="0.02" departed="1" arrived="1" entered="20" left="17" laneChangedFrom="0" laneChangedTo="0" flow="106.67"/>
        <edge id="745188104#1" sampledSeconds="2592.70" traveltime="117.18" overlapTraveltime="120.12" density="78.79" overlapDensity="79.16" laneDensity="78.79" occupancy="38.95" waitingTime="2448.00" timeLoss="2546.68" speed="0.38" speedRelative="0.02" departed="0" arrived="2" entered="24" left="17" laneChangedFrom="0" laneChangedTo="0" teleported="1" flow="108.48"/>
        <edge id="746528091" sampledSeconds="35.98" traveltime="11.86" overlapTraveltime="12.55" density="0.39" overlapDensity="0.41" laneDensity="0.39" occupancy="0.20" waitingTime="0.00" timeLoss="13.11" speed="9.14" speedRelative="0.66" departed="3" arrived="0" entered="0" left="3" laneChangedFrom="0" laneChangedTo="0" flow="12.72"/>
        <edge id="746528092#0" sampledSeconds="18.70" traveltime="2.72" overlapTraveltime="3.12" density="0.77" overlapDensity="0.88" laneDensity="0.77" occupancy="0.36" waitingTime="0.00" timeLoss="5.53" speed="10.13" speedRelative="0.73" departed="0" arrived="0" entered="6" left="6" laneChangedFrom="0" laneChangedTo="0" flow="28.04"/>
        <edge id="746528092#1" sampledSeconds="41.01" traveltime="3.50" overlapTraveltime="4.16" density="1.21" overlapDensity="1.44" laneDensity="1.21" occupancy="0.63" waitingTime="0.00" timeLoss="10.26" speed="9.75" speedRelative="0.70" departed="1" arrived="1" entered="9" left="9" laneChangedFrom="0" laneChangedTo="0" flow="42.56"/>
        <edge id="746528092#2" sampledSeconds="121.08" traveltime="4.09" overlapTraveltime="4.83" density="5.18" overlapDensity="6.14" laneDensity="5.18" occupancy="2.66" waitingTime="7.00" timeLoss="67.34" speed="6.14" speedRelative="0.44" departed="5" arrived="1" entered="21" left="25" laneChangedFrom="0" laneChangedTo="0" flow="114.44"/>
        <edge id="746528092#3" sampledSeconds="486.48" traveltime="12.36" overlapTraveltime="13.56" density="6.58" overlapDensity="7.22" laneDensity="6.58" occupancy="3.40" waitingTime="82.00" timeLoss="244.28" speed="6.58" speedRelative="0.47" departed="2" arrived="0" entered="34" left="36" laneChangedFrom="0" laneChangedTo="0" flow="155.94"/>
        <edge id="749702421" sampledSeconds="7.04" traveltime="6.64" overlapTraveltime="7.04" density="0.12" overlapDensity="0.13" laneDensity="0.12" occupancy="0.06" waitingTime="0.00" timeLoss="1.22" speed="10.59" speedRelative="0.76" departed="0" arrived="1" entered="1" left="0" laneChangedFrom="0" laneChangedTo="0" flow="4.55"/>
        <edge id="749959413#0" sampledSeconds="19.84" traveltime="9.95" overlapTraveltime="10.57" density="0.30" overlapDensity="0.32" laneDensity="0.30" occupancy="0.15" waitingTime="0.00" timeLoss="9.11" speed="7.82" speedRelative="0.56" departed="2" arrived="0" entered="0" left="2" laneChangedFrom="0" laneChangedTo="0" flow="8.43"/>
        <edge id="749959413#1" sampledSeconds="131.61" traveltime="14.15" overlapTraveltime="14.63" density="0.95" overlapDensity="0.98" laneDensity="0.95" occupancy="0.47" waitingTime="0.00" timeLoss="15.61" speed="11.82" speedRelative="0.85" departed="0" arrived="1" entered="9" left="8" laneChangedFrom="0" laneChangedTo="0" flow="40.34"/>
        <edge id="749959413#2" sampledSeconds="54.28" traveltime="7.39" overlapTraveltime="7.75" density="0.66" overlapDensity="0.69" laneDensity="0.66" occupancy="0.33" waitingTime="0.00" timeLoss="2.48" speed="13.34" speedRelative="0.96" departed="0" arrived="0" entered="7" left="7" laneChangedFrom="0" laneChangedTo="0" flow="31.52"/>
        <edge id="749959413#3" sampledSeconds="9.78" traveltime="1.02" overlapTraveltime="1.40" density="0.66" overlapDensity="0.91" laneDensity="0.66" occupancy="0.33" waitingTime="0.00" timeLoss="0.56" speed="13.17" speedRelative="0.95" departed="0" arrived="0" entered="7" left="7" laneChangedFrom="0" laneChangedTo="0" flow="31.50"/>
        <edge id="749959413#4" sampledSeconds="39.10" traveltime="5.05" overlapTraveltime="5.59" density="0.70" overlapDensity="0.77" laneDensity="0.70" occupancy="0.35" waitingTime="0.00" timeLoss="3.37" speed="12.27" speedRelative="0.88" departed="0" arrived="2" entered="7" left="5" laneChangedFrom="0" laneChangedTo="0" flow="30.72"/>
        <edge id="749999920#0" sampledSeconds="5.66" traveltime="4.65" overlapTraveltime="5.66" density="0.12" overlapDensity="0.14" laneDensity="0.12" occupancy="0.06" waitingTime="0.00" timeLoss="1.30" speed="9.73" speedRelative="0.70" departed="0" arrived="0" entered="1" left="1" laneChangedFrom="0" laneChangedTo="0" flow="4.07"/>
        <edge id="749999920#1" sampledSeconds="4.83" traveltime="4.44" overlapTraveltime="4.83" density="0.11" overlapDensity="0.12" laneDensity="0.11" occupancy="0.05" waitingTime="0.00" timeLoss="0.75" speed="11.54" speedRelative="0.83" departed="0" arrived="1" entered="1" left="0" laneChangedFrom="0" laneChangedTo="0" flow="4.54"/>
        <edge id="749999921#0" sampledSeconds="26.63" traveltime="6.70" overlapTraveltime="8.88" density="0.33" overlapDensity="0.43" laneDensity="0.33" occupancy="0.17" waitingTime="3.00" timeLoss="9.14" speed="9.19" speedRelative="0.66" departed="0" arrived="0" entered="3" left="3" laneChangedFrom="0" laneChangedTo="0" flow="10.86"/>
        <edge id="749999921#1" sampledSeconds="8.73" traveltime="4.19" overlapTraveltime="4.58" density="0.23" overlapDensity="0.24" laneDensity="0.23" occupancy="0.11" waitingTime="0.00" timeLoss="2.51" speed="11.21" speedRelative="0.81" departed="0" arrived="2" entered="2" left="0" laneChangedFrom="0" laneChangedTo="0" flow="9.13"/>
        <edge id="750356550" sampledSeconds="51.91" traveltime="6.81" overlapTraveltime="7.43" density="0.78" overlapDensity="0.85" laneDensity="0.78" occupancy="0.39" waitingTime="0.00" timeLoss="10.90" speed="10.98" speedRelative="0.79" departed="0" arrived="2" entered="7" left="5" laneChangedFrom="0" laneChangedTo="0" flow="30.77"/>
        <edge id="763017695#0" sampledSeconds="33.13" traveltime="2.75" overlapTraveltime="3.80" density="2.29" overlapDensity="3.19" laneDensity="2.29" occupancy="1.18" waitingTime="0.00" timeLoss="5.02" speed="4.73" speedRelative="0.85" departed="1" arrived="0" entered="8" left="9" laneChangedFrom="0" laneChangedTo="0" flow="38.89"/>
        <edge id="763017695#1" sampledSeconds="691.40" traveltime="77.75" overlapTraveltime="79.64" density="8.99" overlapDensity="9.07" laneDensity="8.99" occupancy="4.49" waitingTime="497.00" timeLoss="533.10" speed="1.26" speedRelative="0.23" departed="2" arrived="1" entered="7" left="6" laneChangedFrom="0" laneChangedTo="0" flow="40.74"/>
        <edge id="800108281" sampledSeconds="11.78" traveltime="11.37" overlapTraveltime="11.78" density="0.10" overlapDensity="0.11" laneDensity="0.10" occupancy="0.05" waitingTime="0.00" timeLoss="1.10" speed="12.09" speedRelative="0.87" departed="0" arrived="1" entered="1" left="0" laneChangedFrom="0" laneChangedTo="0" flow="4.50"/>
        <edge id="801397524" sampledSeconds="406.08" traveltime="23.21" overlapTraveltime="23.96" density="1.80" overlapDensity="1.86" laneDensity="1.80" occupancy="0.90" waitingTime="0.00" timeLoss="57.13" speed="11.61" speedRelative="0.84" departed="2" arrived="2" entered="15" left="15" laneChangedFrom="0" laneChangedTo="0" flow="75.30"/>
        <edge id="801397525" sampledSeconds="113.92" traveltime="6.51" overlapTraveltime="7.16" density="2.02" overlapDensity="2.22" laneDensity="2.02" occupancy="1.02" waitingTime="0.00" timeLoss="30.93" speed="9.64" speedRelative="0.69" departed="1" arrived="3" entered="15" left="13" laneChangedFrom="0" laneChangedTo="0" flow="70.22"/>
        <edge id="802000252#1" sampledSeconds="84.85" traveltime="2.39" overlapTraveltime="2.85" density="3.22" overlapDensity="3.84" laneDensity="3.22" occupancy="1.63" waitingTime="0.00" timeLoss="12.84" speed="11.46" speedRelative="0.83" departed="1" arrived="1" entered="29" left="29" laneChangedFrom="0" laneChangedTo="0" flow="132.90"/>
        <edge id="802000252#2" sampledSeconds="32.40" traveltime="0.02" overlapTraveltime="0.60" density="8.40" overlapDensity="133.33" laneDensity="8.40" occupancy="3.89" waitingTime="0.00" timeLoss="9.67" speed="8.70" speedRelative="0.63" departed="0" arrived="1" entered="55" left="54" laneChangedFrom="0" laneChangedTo="0" flow="263.29"/>
        <edge id="802000252#3" sampledSeconds="70.29" traveltime="1.12" overlapTraveltime="1.53" density="4.97" overlapDensity="6.78" laneDensity="4.97" occupancy="2.45" waitingTime="0.00" timeLoss="10.74" speed="11.75" speedRelative="0.85" departed="0" arrived="0" entered="46" left="46" laneChangedFrom="0" laneChangedTo="0" flow="210.40"/>
        <edge id="802000252#4" sampledSeconds="64.22" traveltime="0.94" overlapTraveltime="1.36" density="4.91" overlapDensity="7.10" laneDensity="4.91" occupancy="2.51" waitingTime="0.00" timeLoss="8.56" speed="12.03" speedRelative="0.87" departed="2" arrived="1" entered="46" left="47" laneChangedFrom="0" laneChangedTo="0" flow="212.51"/>
        <edge id="802000252#5" sampledSeconds="1588.11" traveltime="28.65" overlapTraveltime="29.64" density="16.48" overlapDensity="17.00" laneDensity="16.48" occupancy="8.32" waitingTime="837.00" timeLoss="1101.61" speed="4.11" speedRelative="0.30" departed="2" arrived="2" entered="52" left="49" laneChangedFrom="0" laneChangedTo="0" flow="243.67"/>
        <edge id="802794946#1" sampledSeconds="52.41" traveltime="5.82" overlapTraveltime="6.78" density="1.37" overlapDensity="1.59" laneDensity="1.37" occupancy="0.71" waitingTime="2.00" timeLoss="22.33" speed="6.81" speedRelative="0.49" departed="2" arrived="2" entered="6" left="6" laneChangedFrom="0" laneChangedTo="0" flow="33.60"/>
        <edge id="802794948#0" sampledSeconds="50.09" traveltime="4.36" overlapTraveltime="5.16" density="1.74" overlapDensity="2.07" laneDensity="1.74" occupancy="0.88" waitingTime="0.00" timeLoss="18.76" speed="6.84" speedRelative="0.49" departed="2" arrived="3" entered="8" left="7" laneChangedFrom="0" laneChangedTo="0" flow="42.78"/>
        <edge id="802794949" sampledSeconds="39.76" traveltime="19.50" overlapTraveltime="19.94" density="0.22" overlapDensity="0.22" laneDensity="0.22" occupancy="0.11" waitingTime="0.00" timeLoss="3.12" speed="11.52" speedRelative="0.83" departed="0" arrived="2" entered="2" left="0" laneChangedFrom="0" laneChangedTo="0" flow="9.00"/>
        <edge id="802794959" sampledSeconds="29.82" traveltime="14.49" overlapTraveltime="14.91" density="0.21" overlapDensity="0.21" laneDensity="0.21" occupancy="0.10" waitingTime="0.00" timeLoss="2.24" speed="11.97" speedRelative="0.86" departed="0" arrived="2" entered="2" left="0" laneChangedFrom="0" laneChangedTo="0" flow="9.00"/>
        <edge id="804889483" sampledSeconds="16.28" traveltime="8.07" overlapTraveltime="8.97" density="0.36" overlapDensity="0.41" laneDensity="0.36" occupancy="0.19" waitingTime="0.00" timeLoss="7.95" speed="6.12" speedRelative="0.44" departed="2" arrived="0" entered="0" left="2" laneChangedFrom="0" laneChangedTo="0" flow="8.00"/>
        <edge id="804889484" sampledSeconds="52.24" traveltime="17.14" overlapTraveltime="17.53" density="0.29" overlapDensity="0.30" laneDensity="0.29" occupancy="0.15" waitingTime="0.00" timeLoss="3.84" speed="12.75" speedRelative="0.92" departed="0" arrived="3" entered="3" left="0" laneChangedFrom="0" laneChangedTo="0" flow="13.50"/>
        <edge id="805333882" sampledSeconds="49.87" traveltime="49.56" overlapTraveltime="50.26" density="0.10" overlapDensity="0.10" laneDensity="0.10" occupancy="0.05" waitingTime="0.00" timeLoss="6.39" speed="12.86" speedRelative="0.93" departed="1" arrived="0" entered="0" left="1" laneChangedFrom="0" laneChangedTo="0" flow="4.44"/>
        <edge id="805971869#0" sampledSeconds="612.37" traveltime="153.10" overlapTraveltime="154.10" density="0.98" overlapDensity="0.99" laneDensity="0.98" occupancy="0.49" waitingTime="0.00" timeLoss="78.03" speed="5.05" speedRelative="0.91" departed="4" arrived="0" entered="0" left="4" laneChangedFrom="0" laneChangedTo="0" flow="17.88"/>
        <edge id="805971869#1" sampledSeconds="110.35" traveltime="17.72" overlapTraveltime="18.73" density="1.45" overlapDensity="1.54" laneDensity="1.45" occupancy="0.73" waitingTime="0.00" timeLoss="14.41" speed="5.06" speedRelative="0.91" departed="2" arrived="0" entered="4" left="6" laneChangedFrom="0" laneChangedTo="0" flow="26.45"/>
        <edge id="805971869#2" sampledSeconds="83.63" traveltime="9.68" overlapTraveltime="10.71" density="1.95" overlapDensity="2.17" laneDensity="1.95" occupancy="0.99" waitingTime="0.00" timeLoss="11.82" speed="4.97" speedRelative="0.89" departed="2" arrived="0" entered="6" left="8" laneChangedFrom="0" laneChangedTo="0" flow="34.97"/>
        <edge id="805971869#3" sampledSeconds="405.95" traveltime="36.15" overlapTraveltime="37.00" density="2.69" overlapDensity="2.75" laneDensity="2.69" occupancy="1.34" waitingTime="0.00" timeLoss="54.95" speed="5.12" speedRelative="0.92" departed="1" arrived="0" entered="10" left="11" laneChangedFrom="0" laneChangedTo="0" flow="49.55"/>
        <edge id="895443202" sampledSeconds="5.62" traveltime="5.40" overlapTraveltime="5.81" density="0.12" overlapDensity="0.12" laneDensity="0.12" occupancy="0.06" waitingTime="0.00" timeLoss="1.50" speed="10.59" speedRelative="0.76" departed="0" arrived="1" entered="1" left="0" laneChangedFrom="0" laneChangedTo="0" flow="4.55"/>
        <edge id="901028067#0" sampledSeconds="7.56" traveltime="0.05" overlapTraveltime="1.13" density="0.40" overlapDensity="16.57" laneDensity="0.13" occupancy="0.30" waitingTime="0.00" timeLoss="6.12" speed="4.93" speedRelative="0.18" departed="3" arrived="0" entered="4" left="7" laneChangedFrom="0" laneChangedTo="0" flow="7.10"/>
        <edge id="901028067#1" sampledSeconds="180.15" traveltime="11.72" overlapTraveltime="12.05" density="1.05" overlapDensity="1.08" laneDensity="0.35" occupancy="0.17" waitingTime="0.00" timeLoss="60.63" speed="17.74" speedRelative="0.64" departed="2" arrived="0" entered="13" left="15" laneChangedFrom="8" laneChangedTo="8" flow="67.00"/>
        <edge id="901028067#2" sampledSeconds="2867.82" traveltime="100.58" overlapTraveltime="101.83" density="30.58" overlapDensity="30.67" laneDensity="10.19" occupancy="5.10" waitingTime="2612.00" timeLoss="2741.35" speed="1.20" speedRelative="0.04" departed="5" arrived="3" entered="25" left="20" laneChangedFrom="12" laneChangedTo="12" flow="131.76"/>
    </interval>
</meandata>
