<?xml version="1.0" encoding="UTF-8"?>

<!-- generated on 2026-01-01 12:24:05.316781 by Eclipse SUMO randomTrips.py v1_25_0+0000-ac6c5a6752d
<configuration>
    <net-file value="area.net.xml"/>
    <output-trip-file value="trips.xml"/>
    <route-file value="routes.xml"/>
    <end value="600.0"/>
    <period value="2.0"/>
</configuration>
-->

<routes xmlns:xsi="http://www.w3.org/2001/XMLSchema-instance" xsi:noNamespaceSchemaLocation="http://sumo.dlr.de/xsd/routes_file.xsd">
    <trip id="0" depart="0.00" from="159463136#2" to="-1195269934"/>
    <trip id="1" depart="2.00" from="548373992#1" to="548373992#2"/>
    <trip id="2" depart="4.00" from="-802794955" to="-1210908131#0"/>
    <trip id="3" depart="6.00" from="-1193733759#3" to="-746528092#0"/>
    <trip id="4" depart="8.00" from="450752220#2" to="1364681849#5"/>
    <trip id="5" depart="10.00" from="-744238099#5" to="450752220#1"/>
    <trip id="6" depart="12.00" from="744528054#0" to="-1193733759#0"/>
    <trip id="7" depart="14.00" from="744251129" to="548373993#3"/>
    <trip id="8" depart="16.00" from="802794948#0" to="-805333882"/>
    <trip id="9" depart="18.00" from="-1305162881#0" to="-450752220#1"/>
    <trip id="10" depart="20.00" from="-802000252#4" to="1364681849#7"/>
    <trip id="11" depart="22.00" from="548373963#1" to="-1210908131#3"/>
    <trip id="12" depart="24.00" from="-744240848#1" to="-802000252#1"/>
    <trip id="13" depart="26.00" from="-1305162882" to="-801397525"/>
    <trip id="14" depart="28.00" from="159463136#2" to="1047765852#1"/>
    <trip id="15" depart="30.00" from="-802000252#2" to="-746528092#2"/>
    <trip id="16" depart="32.00" from="-746528092#3" to="802794948#0"/>
    <trip id="17" depart="34.00" from="901028067#0" to="548373950#7"/>
    <trip id="18" depart="36.00" from="1364681848#0" to="548373993#0"/>
    <trip id="19" depart="38.00" from="746528092#1" to="745188104#0"/>
    <trip id="20" depart="40.00" from="-744528054#0" to="-1210908131#0"/>
    <trip id="21" depart="42.00" from="-749999921#0" to="-800530318"/>
    <trip id="22" depart="44.00" from="450752220#3" to="1193733759#3"/>
    <trip id="23" depart="46.00" from="801397524" to="1305162882"/>
    <trip id="24" depart="48.00" from="1364681848#1" to="-763017695#1"/>
    <trip id="25" depart="50.00" from="1364681849#2" to="801397524"/>
    <trip id="26" depart="52.00" from="-802794948#1" to="-749959413#0"/>
    <trip id="27" depart="54.00" from="901028067#2" to="1364681848#2"/>
    <trip id="28" depart="56.00" from="-1305162881#0" to="-1210908131#4"/>
    <trip id="29" depart="58.00" from="-1305162884" to="548373950#5"/>
    <trip id="30" depart="60.00" from="744238099#4" to="1211177868"/>
    <trip id="31" depart="62.00" from="-1211218242" to="1193733759#0"/>
    <trip id="32" depart="64.00" from="901028067#2" to="1364681849#2"/>
    <trip id="33" depart="66.00" from="805971869#0" to="749999921#1"/>
    <trip id="34" depart="68.00" from="548373950#4" to="1364681849#3"/>
    <trip id="35" depart="70.00" from="-1305162884" to="1262877731#1"/>
    <trip id="36" depart="72.00" from="-895443202" to="802794959"/>
    <trip id="37" depart="74.00" from="1210908131#1" to="-744240848#0"/>
    <trip id="38" depart="76.00" from="801397524" to="750356550"/>
    <trip id="39" depart="78.00" from="-749999919#0" to="548373950#7"/>
    <trip id="40" depart="80.00" from="744238099#1" to="1364681849#2"/>
    <trip id="41" depart="82.00" from="-1047765852#1" to="-802794950"/>
    <trip id="42" depart="84.00" from="-1193733759#2" to="802000252#5"/>
    <trip id="43" depart="86.00" from="-749999920#0" to="-1262877731#0"/>
    <trip id="44" depart="88.00" from="-1266707781" to="1364681134#1"/>
    <trip id="45" depart="90.00" from="1193733759#0" to="1364681849#6"/>
    <trip id="46" depart="92.00" from="-746528092#2" to="750356550"/>
    <trip id="47" depart="94.00" from="-802794955" to="-746528092#3"/>
    <trip id="48" depart="96.00" from="-1305162886" to="-749959413#2"/>
    <trip id="49" depart="98.00" from="-1262877731#0" to="548373950#6"/>
    <trip id="50" depart="100.00" from="-744240848#1" to="801397525"/>
    <trip id="51" depart="102.00" from="749959413#0" to="-1305162881#0"/>
    <trip id="52" depart="104.00" from="802000252#4" to="1364681851#2"/>
    <trip id="53" depart="106.00" from="1193733759#0" to="745188104#1"/>
    <trip id="54" depart="108.00" from="-1305162881#1" to="1211218982"/>
    <trip id="55" depart="110.00" from="-802794955" to="1305162883"/>
    <trip id="56" depart="112.00" from="548373992#0" to="548373992#2"/>
    <trip id="57" depart="114.00" from="805971869#3" to="-450752220#2"/>
    <trip id="58" depart="116.00" from="-802794949" to="-805333882"/>
    <trip id="59" depart="118.00" from="-649943775" to="1305162881#0"/>
    <trip id="60" depart="120.00" from="-802794955" to="-801397525"/>
    <trip id="61" depart="122.00" from="-745527904#1" to="802000252#4"/>
    <trip id="62" depart="124.00" from="1364681846#0" to="-1210908131#4"/>
    <trip id="63" depart="126.00" from="901028067#2" to="749959413#4"/>
    <trip id="64" depart="128.00" from="805971869#0" to="802000252#5"/>
    <trip id="65" depart="130.00" from="746528092#2" to="-744238099#3"/>
    <trip id="66" depart="132.00" from="1193733759#2" to="-746528092#3"/>
    <trip id="67" depart="134.00" from="-802794948#1" to="-1262877731#0"/>
    <trip id="68" depart="136.00" from="-802000252#4" to="895443202"/>
    <trip id="69" depart="138.00" from="-746528092#2" to="745188104#1"/>
    <trip id="70" depart="140.00" from="-895443202" to="1211177868"/>
    <trip id="71" depart="142.00" from="802794948#0" to="901028067#2"/>
    <trip id="72" depart="144.00" from="1364681846#1" to="649120019#3"/>
    <trip id="73" depart="146.00" from="805971869#0" to="1366734423"/>
    <trip id="74" depart="148.00" from="1364681134#1" to="744238099#5"/>
    <trip id="75" depart="150.00" from="1210908131#1" to="749999920#1"/>
    <trip id="76" depart="152.00" from="-1262877732" to="-744528054#0"/>
    <trip id="77" depart="154.00" from="-744528054#1" to="-548373963#3"/>
    <trip id="78" depart="156.00" from="1364681849#4" to="548373950#3"/>
    <trip id="79" depart="158.00" from="1262877731#1" to="802794948#0"/>
    <trip id="80" depart="160.00" from="-744796384" to="1193733759#3"/>
    <trip id="81" depart="162.00" from="548373950#2" to="-802000252#4"/>
    <trip id="82" depart="164.00" from="-749999921#0" to="744238099#5"/>
    <trip id="83" depart="166.00" from="-1262877731#0" to="1305162882"/>
    <trip id="84" depart="168.00" from="901028067#2" to="901028067#2"/>
    <trip id="85" depart="170.00" from="-1262877731#0" to="-746528092#3"/>
    <trip id="86" depart="172.00" from="-746528092#2" to="802794946#1"/>
    <trip id="87" depart="174.00" from="-802000252#2" to="-744238099#1"/>
    <trip id="88" depart="176.00" from="746528091" to="649120019#0"/>
    <trip id="89" depart="178.00" from="450752220#2" to="-1193733759#0"/>
    <trip id="90" depart="180.00" from="745188103" to="-802000252#4"/>
    <trip id="91" depart="182.00" from="548373950#0" to="802794948#0"/>
    <trip id="92" depart="184.00" from="-450752220#1" to="-548373963#2"/>
    <trip id="93" depart="186.00" from="-1305162883" to="1364681849#7"/>
    <trip id="94" depart="188.00" from="548373963#4" to="-746528092#1"/>
    <trip id="95" depart="190.00" from="159463136#1" to="-763017695#1"/>
    <trip id="96" depart="192.00" from="1195176490" to="801397525"/>
    <trip id="97" depart="194.00" from="746528092#2" to="-450752220#0"/>
    <trip id="98" depart="196.00" from="-802794955" to="-801397525"/>
    <trip id="99" depart="198.00" from="-1047765852#1" to="745188103"/>
    <trip id="100" depart="200.00" from="159463136#2" to="-763017695#1"/>
    <trip id="101" depart="202.00" from="548373992#2" to="1364681849#7"/>
    <trip id="102" depart="204.00" from="-802794959" to="-1193733759#1"/>
    <trip id="103" depart="206.00" from="-1262877731#1" to="763017695#1"/>
    <trip id="104" depart="208.00" from="763017695#1" to="1364681849#5"/>
    <trip id="105" depart="210.00" from="-749999920#0" to="801397524"/>
    <trip id="106" depart="212.00" from="744238099#5" to="749999921#1"/>
    <trip id="107" depart="214.00" from="763017695#0" to="-746528092#2"/>
    <trip id="108" depart="216.00" from="-745527904#1" to="-450752220#2"/>
    <trip id="109" depart="218.00" from="744238099#1" to="800108281"/>
    <trip id="110" depart="220.00" from="-802794949" to="548373950#3"/>
    <trip id="111" depart="222.00" from="744528054#0" to="763017695#1"/>
    <trip id="112" depart="224.00" from="744240848#0" to="749999921#1"/>
    <trip id="113" depart="226.00" from="744528054#0" to="-800530318"/>
    <trip id="114" depart="228.00" from="744238099#3" to="-548373963#1"/>
    <trip id="115" depart="230.00" from="-744238099#5" to="749702421"/>
    <trip id="116" depart="232.00" from="1047765852#0" to="-802000252#5"/>
    <trip id="117" depart="234.00" from="-1193733759#3" to="-746528091"/>
    <trip id="118" depart="236.00" from="-750356550" to="749999921#1"/>
    <trip id="119" depart="238.00" from="805333882" to="-801397525"/>
    <trip id="120" depart="240.00" from="450752220#0" to="1195176490"/>
    <trip id="121" depart="242.00" from="805971869#2" to="1364681849#3"/>
    <trip id="122" depart="244.00" from="802000252#4" to="-548373963#2"/>
    <trip id="123" depart="246.00" from="805971869#0" to="-744240848#0"/>
    <trip id="124" depart="248.00" from="804889483" to="-763017695#1"/>
    <trip id="125" depart="250.00" from="-1305162884" to="1211218982"/>
    <trip id="126" depart="252.00" from="548373963#6" to="-802794946#1"/>
    <trip id="127" depart="254.00" from="-802000252#5" to="1366734423"/>
    <trip id="128" depart="256.00" from="-746528092#0" to="649120019#1"/>
    <trip id="129" depart="258.00" from="-1047765852#1" to="802000252#5"/>
    <trip id="130" depart="260.00" from="1364681134#0" to="649120019#3"/>
    <trip id="131" depart="262.00" from="548373950#1" to="-802794952"/>
    <trip id="132" depart="264.00" from="-749999921#0" to="749999920#0"/>
    <trip id="133" depart="266.00" from="548373963#5" to="-802000252#4"/>
    <trip id="134" depart="268.00" from="-749999920#1" to="1210908131#2"/>
    <trip id="135" depart="270.00" from="-802794949" to="-802000252#3"/>
    <trip id="136" depart="272.00" from="763017695#1" to="548373950#2"/>
    <trip id="137" depart="274.00" from="-749999919#1" to="1364681849#6"/>
    <trip id="138" depart="276.00" from="-1047765852#1" to="-802000252#1"/>
    <trip id="139" depart="278.00" from="450752220#3" to="1305162883"/>
    <trip id="140" depart="280.00" from="1193733759#0" to="801397524"/>
    <trip id="141" depart="282.00" from="744238099#5" to="-744238099#4"/>
    <trip id="142" depart="284.00" from="-1266707781" to="1364681848#2-AddedOnRampEdge"/>
    <trip id="143" depart="286.00" from="159463136#1" to="-804889483"/>
    <trip id="144" depart="288.00" from="745188104#0" to="744238099#5"/>
    <trip id="145" depart="290.00" from="-744238099#0" to="-1195269934"/>
    <trip id="146" depart="292.00" from="-745527904#0" to="1305162885"/>
    <trip id="147" depart="294.00" from="746528092#2" to="-1305162881#0"/>
    <trip id="148" depart="296.00" from="-802794952" to="548373950#5"/>
    <trip id="149" depart="298.00" from="-742734989" to="548373993#3"/>
    <trip id="150" depart="300.00" from="450752220#3" to="-1193733759#0"/>
    <trip id="151" depart="302.00" from="-1305162883" to="1211177868"/>
    <trip id="152" depart="304.00" from="-649120019#1" to="804889484"/>
    <trip id="153" depart="306.00" from="1210908131#4" to="-1210908131#4"/>
    <trip id="154" depart="308.00" from="-745527904#1" to="749999920#0"/>
    <trip id="155" depart="310.00" from="-895443202" to="746528092#1"/>
    <trip id="156" depart="312.00" from="1364681849#4" to="802794953"/>
    <trip id="157" depart="314.00" from="548373963#4" to="1364681848#1"/>
    <trip id="158" depart="316.00" from="1193733759#0" to="-763017695#0"/>
    <trip id="159" depart="318.00" from="-745527904#0" to="548373950#7"/>
    <trip id="160" depart="320.00" from="159463136#0" to="-801397524"/>
    <trip id="161" depart="322.00" from="-1262877731#1" to="-802000252#1"/>
    <trip id="162" depart="324.00" from="-749702421" to="-802794948#0"/>
    <trip id="163" depart="326.00" from="-744528054#0" to="548373993#2"/>
    <trip id="164" depart="328.00" from="548373963#2" to="-1262877731#1"/>
    <trip id="165" depart="330.00" from="-802794950" to="1364681849#5"/>
    <trip id="166" depart="332.00" from="-802794952" to="-746528092#2"/>
    <trip id="167" depart="334.00" from="-802794953" to="801397525"/>
    <trip id="168" depart="336.00" from="1364681849#1" to="548373993#2"/>
    <trip id="169" depart="338.00" from="749959413#0" to="744528054#1"/>
    <trip id="170" depart="340.00" from="-802000252#4" to="-1193733759#0"/>
    <trip id="171" depart="342.00" from="-801397524" to="744240848#1"/>
    <trip id="172" depart="344.00" from="746528092#3" to="802794959"/>
    <trip id="173" depart="346.00" from="-744238099#5" to="-749959413#0"/>
    <trip id="174" depart="348.00" from="-802794949" to="-744238099#3"/>
    <trip id="175" depart="350.00" from="1177215277" to="-548373963#5"/>
    <trip id="176" depart="352.00" from="1364681851#2" to="-1195269934"/>
    <trip id="177" depart="354.00" from="-802794948#0" to="1364681850#1"/>
    <trip id="178" depart="356.00" from="-450752220#2" to="1305162882"/>
    <trip id="179" depart="358.00" from="-1210908131#4" to="1193733759#0"/>
    <trip id="180" depart="360.00" from="-745527904#1" to="-159463136#0"/>
    <trip id="181" depart="362.00" from="-1193733759#2" to="1364681849#4"/>
    <trip id="182" depart="364.00" from="901028067#2" to="-805971869#0"/>
    <trip id="183" depart="366.00" from="450752220#2" to="745188104#1"/>
    <trip id="184" depart="368.00" from="450752220#2" to="744240848#1"/>
    <trip id="185" depart="370.00" from="802794946#1" to="-746528092#0"/>
    <trip id="186" depart="372.00" from="-1193733759#2" to="-744238099#0"/>
    <trip id="187" depart="374.00" from="1364681848#1" to="-749959413#0"/>
    <trip id="188" depart="376.00" from="548373963#0" to="744796384"/>
    <trip id="189" depart="378.00" from="-1305162884" to="-1195269934"/>
    <trip id="190" depart="380.00" from="804889483" to="1193733759#3"/>
    <trip id="191" depart="382.00" from="548373963#4" to="-1305162882"/>
    <trip id="192" depart="384.00" from="548373950#6" to="548373950#5"/>
    <trip id="193" depart="386.00" from="-1305162882" to="745188103"/>
    <trip id="194" depart="388.00" from="746528092#2" to="450752220#3"/>
    <trip id="195" depart="390.00" from="-1305162886" to="895443202"/>
    <trip id="196" depart="392.00" from="744238099#2" to="-805971869#0"/>
    <trip id="197" depart="394.00" from="-802794959" to="1177215276"/>
    <trip id="198" depart="396.00" from="1210908131#2" to="-805333889"/>
    <trip id="199" depart="398.00" from="746528092#2" to="749959413#1"/>
    <trip id="200" depart="400.00" from="-1305162883" to="804889484"/>
    <trip id="201" depart="402.00" from="159463136#2" to="749959413#3"/>
    <trip id="202" depart="404.00" from="548373963#2" to="1262877731#1"/>
    <trip id="203" depart="406.00" from="-746528092#3" to="746528092#2"/>
    <trip id="204" depart="408.00" from="1364681134#0" to="1364681134#0"/>
    <trip id="205" depart="410.00" from="-746528092#3" to="749999920#1"/>
    <trip id="206" depart="412.00" from="-802000252#4" to="-1210908131#0"/>
    <trip id="207" depart="414.00" from="746528092#3" to="-744240848#0"/>
    <trip id="208" depart="416.00" from="548373963#1" to="-801397525"/>
    <trip id="209" depart="418.00" from="-1193733759#0" to="802794949"/>
    <trip id="210" depart="420.00" from="1195269934" to="745527904#1"/>
    <trip id="211" depart="422.00" from="548373950#7" to="-802000252#5"/>
    <trip id="212" depart="424.00" from="1364681849#1" to="1305162885"/>
    <trip id="213" depart="426.00" from="1305162881#0" to="1211218242"/>
    <trip id="214" depart="428.00" from="548373992#3" to="-802794952"/>
    <trip id="215" depart="430.00" from="548373963#1" to="-800530318"/>
    <trip id="216" depart="432.00" from="-745527904#1" to="-548373963#3"/>
    <trip id="217" depart="434.00" from="-742734989" to="-548373963#3"/>
    <trip id="218" depart="436.00" from="1305162882" to="744528054#1"/>
    <trip id="219" depart="438.00" from="-649120019#3" to="-749959413#0"/>
    <trip id="220" depart="440.00" from="1193733759#2" to="742734989"/>
    <trip id="221" depart="442.00" from="805971869#1" to="1364681849#1"/>
    <trip id="222" depart="444.00" from="-749959413#2" to="-450752220#2"/>
    <trip id="223" depart="446.00" from="-649120019#2" to="-1193733759#2"/>
    <trip id="224" depart="448.00" from="1305162882" to="-801397524"/>
    <trip id="225" depart="450.00" from="805971869#1" to="1364681849#7"/>
    <trip id="226" depart="452.00" from="548373963#0" to="-548373963#5"/>
    <trip id="227" depart="454.00" from="1177215277" to="1262877731#2"/>
    <trip id="228" depart="456.00" from="-649120019#3" to="-1210908131#4"/>
    <trip id="229" depart="458.00" from="802000252#5" to="1305162886"/>
    <trip id="230" depart="460.00" from="745188104#0" to="1195176490"/>
    <trip id="231" depart="462.00" from="-1262877731#0" to="548373950#5"/>
    <trip id="232" depart="464.00" from="-1211177868" to="-649120019#2"/>
    <trip id="233" depart="466.00" from="1364681848#1" to="-802000252#5"/>
    <trip id="234" depart="468.00" from="901028067#1" to="-548373963#3"/>
    <trip id="235" depart="470.00" from="1262877731#1" to="1305162881#0"/>
    <trip id="236" depart="472.00" from="901028067#0" to="-802000252#5"/>
    <trip id="237" depart="474.00" from="548373992#2" to="802794949"/>
    <trip id="238" depart="476.00" from="548373950#0" to="-744238099#1"/>
    <trip id="239" depart="478.00" from="-649120019#1" to="-1305162882"/>
    <trip id="240" depart="480.00" from="-1047765852#1" to="1305162881#0"/>
    <trip id="241" depart="482.00" from="1364681849#4" to="-802000252#2"/>
    <trip id="242" depart="484.00" from="-744528054#0" to="649120019#1"/>
    <trip id="243" depart="486.00" from="548373963#1" to="1305162881#1"/>
    <trip id="244" depart="488.00" from="548373950#6" to="802000252#4"/>
    <trip id="245" depart="490.00" from="744238099#3" to="548373950#4"/>
    <trip id="246" depart="492.00" from="548373950#0" to="802794946#1"/>
    <trip id="247" depart="494.00" from="-802794955" to="1364681849#5"/>
    <trip id="248" depart="496.00" from="450752220#1" to="802000252#1"/>
    <trip id="249" depart="498.00" from="745188104#1" to="-1305162881#0"/>
    <trip id="250" depart="500.00" from="-749959413#3" to="-548373963#4"/>
    <trip id="251" depart="502.00" from="548373950#6" to="548373993#3"/>
    <trip id="252" depart="504.00" from="802000252#5" to="1364681848#0"/>
    <trip id="253" depart="506.00" from="1195269934" to="-159463136#0"/>
    <trip id="254" depart="508.00" from="-1210908131#2" to="1211218982"/>
    <trip id="255" depart="510.00" from="-749999921#1" to="-749999921#0"/>
    <trip id="256" depart="512.00" from="-1305162881#0" to="804889484"/>
    <trip id="257" depart="514.00" from="746528091" to="1366734423"/>
    <trip id="258" depart="516.00" from="802794946#1" to="901028067#2"/>
    <trip id="259" depart="518.00" from="548373950#2" to="-800530318"/>
    <trip id="260" depart="520.00" from="-1210908131#2" to="744240848#1"/>
    <trip id="261" depart="522.00" from="801397525" to="-744240848#0"/>
    <trip id="262" depart="524.00" from="1364681849#2" to="548373950#6"/>
    <trip id="263" depart="526.00" from="1195269934" to="-450752220#0"/>
    <trip id="264" depart="528.00" from="-800108283" to="-804889483"/>
    <trip id="265" depart="530.00" from="548373950#2" to="749999921#0"/>
    <trip id="266" depart="532.00" from="-750356550" to="548373993#2"/>
    <trip id="267" depart="534.00" from="-749959413#3" to="802794949"/>
    <trip id="268" depart="536.00" from="745188103" to="1364681849#6"/>
    <trip id="269" depart="538.00" from="-895443202" to="-802794946#1"/>
    <trip id="270" depart="540.00" from="-802794949" to="1364681848#2-AddedOnRampEdge"/>
    <trip id="271" depart="542.00" from="901028067#0" to="548373963#4"/>
    <trip id="272" depart="544.00" from="1364681134#1" to="1210908131#3"/>
    <trip id="273" depart="546.00" from="-649943775" to="-805971869#3"/>
    <trip id="274" depart="548.00" from="1364681846#0" to="802000252#5"/>
    <trip id="275" depart="550.00" from="1364681846#1" to="-450752220#0"/>
    <trip id="276" depart="552.00" from="901028067#1" to="802000252#2"/>
    <trip id="277" depart="554.00" from="1047765852#0" to="-548373963#3"/>
    <trip id="278" depart="556.00" from="746528091" to="1364681846#1"/>
    <trip id="279" depart="558.00" from="548373963#4" to="1364681848#1"/>
    <trip id="280" depart="560.00" from="-749702421" to="749959413#4"/>
    <trip id="281" depart="562.00" from="1364681846#0" to="1193733759#1"/>
    <trip id="282" depart="564.00" from="802000252#1" to="1364681848#1"/>
    <trip id="283" depart="566.00" from="-749959413#1" to="745527904#1"/>
    <trip id="284" depart="568.00" from="-802794952" to="802794946#1"/>
    <trip id="285" depart="570.00" from="1210908131#2" to="749959413#1"/>
    <trip id="286" depart="572.00" from="-749959413#2" to="-802000252#3"/>
    <trip id="287" depart="574.00" from="1364681849#2" to="901028067#2"/>
    <trip id="288" depart="576.00" from="1364681134#0" to="-805333889"/>
    <trip id="289" depart="578.00" from="1364681846#1" to="1364681849#5"/>
    <trip id="290" depart="580.00" from="-895443202" to="-802794948#0"/>
    <trip id="291" depart="582.00" from="-649943775" to="548373993#3"/>
    <trip id="292" depart="584.00" from="548373992#3" to="649120019#0"/>
    <trip id="293" depart="586.00" from="744528054#0" to="1193733759#1"/>
    <trip id="294" depart="588.00" from="548373950#1" to="749959413#1"/>
    <trip id="295" depart="590.00" from="805971869#2" to="1364681846#1"/>
    <trip id="296" depart="592.00" from="-1210908131#1" to="1364681848#0"/>
    <trip id="297" depart="594.00" from="1364681849#3" to="750356550"/>
    <trip id="298" depart="596.00" from="1266707781" to="1305162881#1"/>
    <trip id="299" depart="598.00" from="548373963#5" to="1210908131#2"/>
</routes>
